61	2	Los usuarios de la vía están obligados a: Si es conductor de un vehículo de motor, llevar consigo y mostrar, cuando se le solicite por un agente de la autoridad, la licencia o permiso de conducción o el permiso de aprendizaje, la licencia o permiso de circulación del vehículo y cualquier otro documento relacionado con la circulación del vehículo, cuyo porte esté establecido;	3
63	1	Las señales que realiza el agente de la autoridad en la vía son: 'Atención, Alto', levantando el brazo verticalmente, significa que todos los usuarios de la vía deben detenerse de inmediato;	2
63	2	Las señales que realiza el agente de la autoridad en la vía son: 'Alto', con uno o los dos brazos extendidos horizontalmente como continuación de su hombro, significa que todos los usuarios de la vía que se encuentren de frente o a su espalda deben detenerse de inmediato y que solamente los que se encuentran en igual sentido de dirección del brazo pueden continuar en el mismo sentido o realizar todas aquellas maniobras que no están prohibidas en el cruce o intersección;	2
63	3	Las señales que realiza el agente de la autoridad en la vía son: Después de hacer la señal de 'Alto' puede bajar el brazo o los brazos, lo que significa para los conductores que no varía la circulación regulada antes de bajarlos;	2
63	4	Las señales que realiza el agente de la autoridad en la vía son: Con el brazo extendido horizontalmente al frente, indica a los conductores de los vehículos que se encuentran a su izquierda, que pueden circular en todas las direcciones y a los peatones, que pueden cruzar a su espalda;	2
63	5	Las señales que realiza el agente de la autoridad en la vía son: El balanceo manual de una luz roja significa, para los usuarios de la vía hacia los cuales está dirigida la luz, que deben detenerse;	2
63	6	Las señales que realiza el agente de la autoridad en la vía son: Ante la señal de 'Alto' los peatones pueden efectuar el cruce cuando los vehículos se han detenido en la que se proponen cruzar;	3
63	9	Las señales que realiza el agente de la autoridad en la vía son: Desde un vehículo policial puede regular la circulación, mediante el empleo de banderas que son percibidas claramente por los usuarios de la vía: a) roja: indica que, a partir del paso del vehículo que la porta, la calzada queda temporalmente cerrada a la circulación de los usuarios de la vía, excepto para aquellos que son acompañados o escoltados por los agentes de la autoridad responsables de la regulación y control de la circulación vial; b) verde: indica que, a partir del paso del vehículo que la porta, la calzada queda de nuevo abierta a la circulación; c) amarilla: indica a los usuarios de la vía la proximidad de un peligro y la necesidad de extremar la atención;	3
63	11	Las señales que realiza el agente de la autoridad en la vía son: En los pasos a nivel, el guardacrucero realiza las señales de los numerales 1, 2 y 5 del presente artículo.	2
65	1	El conductor de cualquier vehículo, al circular por una vía urbana o rural está obligado a: Transitar de acuerdo con el sentido de circulación señalizado en la vía de un solo sentido de dirección;	1
65	2	El conductor de cualquier vehículo, al circular por una vía urbana o rural está obligado a: Transitar por el lado derecho del eje central de la vía de acuerdo con el sentido en que circule, en vías de doble sentido de dirección;	1
65	3	El conductor de cualquier vehículo, al circular por una vía urbana o rural está obligado a: Mantener el máximo de la velocidad autorizada, cuando circule por la senda o carril de la extrema izquierda en vías de dos o más sendas o carriles destinados a la circulación en un mismo sentido. Se exceptúan los casos en que el conductor pretende realizar un giro a la izquierda;	1
65	4	El conductor de cualquier vehículo, al circular por una vía urbana o rural está obligado a: No exceder los límites de velocidad establecidos para la vía;	1
65	5	El conductor de cualquier vehículo, al circular por una vía urbana o rural está obligado a: En vías de tres o más sendas o carriles en un mismo sentido de circulación, utilizar el carril o senda de la extrema derecha cuando circula a marcha lenta;	2
65	6	El conductor de cualquier vehículo, al circular por una vía urbana o rural está obligado a: En las vías de tres sendas o carriles con doble sentido de circulación, utilizar las sendas extremas a ambos lados de la calzada o camino para el tránsito que corresponda, quedando el carril central para el adelantamiento de los vehículos en ambos sentidos de circulación, excepto en los casos que la señalización indique otra regulación.	2
66	0	En las vías rurales de más de dos carriles destinados al mismo sentido de circulación, los vehículos que transitan a velocidades inferiores a 60 kilómetros por hora, deben hacerlo siempre por el carril de su extrema derecha y utilizar el inmediato izquierdo para adelantar.	3
67	1	Toda persona que circula por una vía, siempre que escuche el sonido de la sirena, claxon o aparato similar, u observe la luz continua de una baliza o la luz delantera de un vehículo en forma intermitente, y con ello advierta la proximidad de un vehículo que requiere la prioridad en la circulación, está obligada a: Si conduce un vehículo o animal, a arrimarlo y detenerlo al borde derecho de la vía en el sentido por el que circula;	3
67	2	Toda persona que circula por una vía, siempre que escuche el sonido de la sirena, claxon o aparato similar, u observe la luz continua de una baliza o la luz delantera de un vehículo en forma intermitente, y con ello advierta la proximidad de un vehículo que requiere la prioridad en la circulación, está obligada a: Si es peatón y se encuentra cruzando la vía, a alcanzar o retornar rápidamente a la acera o situarse en una zona de seguridad.	3
72	1	La circulación de las motocicletas y de los ciclomotores por las vías está sujeta a las disposiciones establecidas en este Código para los vehículos de motor en general y, además, a las siguientes: El conductor y los pasajeros, usar casco protector o de seguridad de acuerdo con las características del vehículo, según los requisitos que establecen las autoridades competentes, y correctamente abrochado;	1
72	2	La circulación de las motocicletas y de los ciclomotores por las vías está sujeta a las disposiciones establecidas en este Código para los vehículos de motor en general y, además, a las siguientes: El transporte de personas, en dispositivos adecuados e instalados a este fin. En tal sentido puede transportar al conductor en su asiento, a un pasajero detrás de él, si el vehículo está habilitado para ello y a otro en el sidecar, si lo tuviera;	3
72	3	El transporte de un niño menor de 7 años de edad, en un sidecar y en unión de otra persona de 14 o más años de edad;	2
72	4	La circulación de las motocicletas y de los ciclomotores por las vías está sujeta a las disposiciones establecidas en este Código para los vehículos de motor en general y, además, a las siguientes: El transporte de bultos o cargas, en dispositivos adecuados e instalados para ese fin, siempre que no sobresalgan más de 50 centímetros de las dimensiones del vehículo;	3
72	5	La circulación de las motocicletas y de los ciclomotores por las vías está sujeta a las disposiciones establecidas en este Código para los vehículos de motor en general y, además, a las siguientes: El conductor y los pasajeros, no realizar acrobacias.	3
73	1	Los conductores de vehículos de tracción animal, además de cumplir las disposiciones establecidas por este Código para la circulación general, deben observar las reglas siguientes: Haber cumplido 16 años de edad;	3
73	2	Los conductores de vehículos de tracción animal, además de cumplir las disposiciones establecidas por este Código para la circulación general, deben observar las reglas siguientes: No circular por autopistas;	3
73	3	Los conductores de vehículos de tracción animal, además de cumplir las disposiciones establecidas por este Código para la circulación general, deben observar las reglas siguientes: Circular lo más próximo al borde derecho de la vía, en el sentido por el que circula;	3
73	4	Los conductores de vehículos de tracción animal, además de cumplir las disposiciones establecidas por este Código para la circulación general, deben observar las reglas siguientes: Circular por las vías pavimentadas, cualquiera que sea el uso a que estén destinados, cuando vayan provistos de ruedas de goma o revestidas de dicho material, excepto cuando están dotados de bandas metálicas o rodaduras y requieran atravesar algún tramo de la vía indispensable para enlazar con otro camino o vía no pavimentada;	3
73	5	Los conductores de vehículos de tracción animal, además de cumplir las disposiciones establecidas por este Código para la circulación general, deben observar las reglas siguientes: Proveer a los animales de anteojeras y de herraduras, para el caso de los que las utilizan y de un aditamento para recoger las excretas;	3
73	6	Los conductores de vehículos de tracción animal, además de cumplir las disposiciones establecidas por este Código para la circulación general, deben observar las reglas siguientes: Circular provisto de un mecanismo que garantice el frenado e inmovilidad total del vehículo o en su defecto, asegurar una de las ruedas con el fin de evitar que el animal o los animales de tiro puedan ponerse en marcha y provocar un accidente;	3
73	7	Los conductores de vehículos de tracción animal, además de cumplir las disposiciones establecidas por este Código para la circulación general, deben observar las reglas siguientes: No circular por carreteras durante las horas comprendidas entre el anochecer y el amanecer, excepto en los casos autorizados por la Policía Nacional Revolucionaria, según lo establecido en el numeral 2, del Artículo 187 de este Código;	3
77	1	Toda persona que conduce un vehículo por una vía, al realizar cualquier maniobra está obligada a accionar las señales de luces de frenado, de marcha atrás, las direccionales e intermitentes, mecánicas o eléctricas del vehículo, o en su defecto, las de brazo correspondiente, ajustándose a las reglas siguientes: Avisar con antelación suficiente el lugar donde va a efectuar la maniobra, para que permita que los conductores de vehículos que conducen detrás del suyo, lo perciban con tiempo;	2
77	2	Toda persona que conduce un vehículo por una vía, al realizar cualquier maniobra está obligada a accionar las señales de luces de frenado, de marcha atrás, las direccionales e intermitentes, mecánicas o eléctricas del vehículo, o en su defecto, las de brazo correspondiente, ajustándose a las reglas siguientes: Para disminuir la velocidad o parar, sacar el brazo y mantenerlo en posición inclinada hacia abajo, con la palma de la mano hacia atrás;	2
77	3	Toda persona que conduce un vehículo por una vía, al realizar cualquier maniobra está obligada a accionar las señales de luces de frenado, de marcha atrás, las direccionales e intermitentes, mecánicas o eléctricas del vehículo, o en su defecto, las de brazo correspondiente, ajustándose a las reglas siguientes: Para doblar o cambiar de senda o carril a la derecha, sacar el brazo en posición vertical hacia arriba;	2
77	4	Toda persona que conduce un vehículo por una vía, al realizar cualquier maniobra está obligada a accionar las señales de luces de frenado, de marcha atrás, las direccionales e intermitentes, mecánicas o eléctricas del vehículo, o en su defecto, las de brazo correspondiente, ajustándose a las reglas siguientes: Para doblar o cambiar de carril o senda a la izquierda, sacar el brazo y extenderlo en posición horizontal;	2
77	5	Toda persona que conduce un vehículo por una vía, al realizar cualquier maniobra está obligada a accionar las señales de luces de frenado, de marcha atrás, las direccionales e intermitentes, mecánicas o eléctricas del vehículo, o en su defecto, las de brazo correspondiente, ajustándose a las reglas siguientes: Hacer una señal para cambiar de senda o carril no concede derecho de vía sobre aquellos que circulan por la que pretende incorporarse, en todos los casos, debe cerciorarse antes de efectuar la maniobra que no ocasiona interferencias a la circulación, ni da lugar a un accidente;	2
77	6	Toda persona que conduce un vehículo por una vía, al realizar cualquier maniobra está obligada a accionar las señales de luces de frenado, de marcha atrás, las direccionales e intermitentes, mecánicas o eléctricas del vehículo, o en su defecto, las de brazo correspondiente, ajustándose a las reglas siguientes: Para dar marcha atrás, sacar el brazo extendido con la palma de la mano hacia atrás;	2
77	7	Toda persona que conduce un vehículo por una vía, al realizar cualquier maniobra está obligada a accionar las señales de luces de frenado, de marcha atrás, las direccionales e intermitentes, mecánicas o eléctricas del vehículo, o en su defecto, las de brazo correspondiente, ajustándose a las reglas siguientes: Estar atento a las señales de los vehículos que le preceden, para actuar de acuerdo con la señal que le hagan sus conductores.	3
78	1	El conductor de cualquier vehículo al circular, incorporarse o cruzar una vía, está obligado a: Detener la marcha ante la señal de Pare, cualesquiera que sean las circunstancias de visibilidad, dándole la prioridad a los vehículos que circulan por la vía transversal;	1
78	2	El conductor de cualquier vehículo al circular, incorporarse o cruzar una vía, está obligado a: Disminuir la velocidad y parar si fuera necesario, ante una señal de Ceda el Paso a fin de permitir el paso a todos los vehículos que se aproximen por la vía transversal;	2
78	3	El conductor de cualquier vehículo al circular, incorporarse o cruzar una vía, está obligado a: Disminuir la velocidad y parar si fuera necesario, cuando pretenda incorporarse a una rotonda, cediendo el paso a los vehículos que circulan por esta, excepto cuando la señalización indique otra regulación.	2
79	1	El conductor de un vehículo, al circular, incorporarse o cruzar una vía, cuando no existen señales de prioridad, está obligado a disminuir la velocidad, observar hacia ambos lados de la vía transversal y: Ceder el paso o detenerse si es necesario, ante el vehículo que por la vía transversal se aproxima por su lado derecho en vías de igual categoría;	2
79	2	El conductor de un vehículo, al circular, incorporarse o cruzar una vía, cuando no existen señales de prioridad, está obligado a disminuir la velocidad, observar hacia ambos lados de la vía transversal y: Ceder el paso o detenerse, si es necesario, en las intersecciones en forma de 'T', cuando circula por el acceso que no tiene continuidad, en vías de igual categoría, ante el vehículo que por la vía transversal se aproxima.	2
79	3	El conductor de un vehículo, al circular, incorporarse o cruzar una vía, cuando no existen señales de prioridad, está obligado a disminuir la velocidad, observar hacia ambos lados de la vía transversal y: La misma regla se aplica para otras formas de intersecciones en que finaliza una vía.	2
79	4	El conductor de un vehículo, al circular, incorporarse o cruzar una vía, cuando no existen señales de prioridad, está obligado a disminuir la velocidad, observar hacia ambos lados de la vía transversal y: Ceder el paso o detenerse si es necesario, cuando circula por una vía de un solo sentido de circulación, al incorporarse o cruzar una vía de doble sentido;	2
79	5	El conductor de un vehículo, al circular, incorporarse o cruzar una vía, cuando no existen señales de prioridad, está obligado a disminuir la velocidad, observar hacia ambos lados de la vía transversal y: Ceder el paso a los vehículos que se aproximan en sentido opuesto por la misma vía, cuando vaya a doblar a la izquierda en una vía de doble sentido de circulación;	2
79	6	El conductor de un vehículo, al circular, incorporarse o cruzar una vía, cuando no existen señales de prioridad, está obligado a disminuir la velocidad, observar hacia ambos lados de la vía transversal y: Ceder el paso al vehículo que se aproxima por la senda o carril a la que pretende incorporarse al salir de un estacionamiento, parqueo o acceso;	2
79	7	El conductor de un vehículo, al circular, incorporarse o cruzar una vía, cuando no existen señales de prioridad, está obligado a disminuir la velocidad, observar hacia ambos lados de la vía transversal y: Ceder el paso a los vehículos que se aproximan por una vía pavimentada al circular por una vía no pavimentada.	2
80	1	El conductor de cualquier vehículo o animal y el peatón, al aproximarse a un paso a nivel, está obligado a: Detener la marcha a no menos de tres metros del carril de la vía férrea más cercano, en todos los pasos a nivel que no tengan señalización que establece la conducta a seguir, y comprobar que no se aproxima ningún vehículo por la vía férrea, antes de emprender la marcha;	2
80	2	El conductor de cualquier vehículo o animal y el peatón, al aproximarse a un paso a nivel, está obligado a: Moderar la velocidad y tomar precauciones en el cruce de un paso a nivel con barreras u otras señales sonoras y lumínicas, salvo que el guardacrucero o la señal correspondiente le indique que se detenga;	2
80	3	El conductor de cualquier vehículo o animal y el peatón, al aproximarse a un paso a nivel, está obligado a: No demorar indebidamente el cruce de un paso a nivel. En caso de inmovilización forzosa de un vehículo, su conductor debe colocarlo fuera de la vía férrea, y de no conseguirlo, adoptar inmediatamente las medidas a su alcance, para que el conductor del vehículo ferroviario sea advertido de la existencia del peligro, sin perjuicio de cumplir lo dispuesto en el Artículo 140 de este Código;	2
81	1	El conductor de cualquier vehículo o animal está obligado a detenerlo al paso de vehículos o animales en caravana, desfile militar o escolar u otras manifestaciones. Se exceptúan de esta obligación: Los vehículos con régimen especial o prioridad en la circulación, en función del servicio que realizan, y los que transporten enfermos o heridos graves, siempre que tomen las precauciones debidas;	3
81	2	El conductor de cualquier vehículo o animal está obligado a detenerlo al paso de vehículos o animales en caravana, desfile militar o escolar u otras manifestaciones. Se exceptúan de esta obligación: Cualquier vehículo que circula en la misma dirección siempre que no interrumpa la circulación de la caravana, funeral, desfile o manifestación y puede incluso adelantársele después de haber tomado las debidas precauciones.	3
82	0	El conductor de cualquier vehículo o animal está obligado a detenerlo y ceder el paso, cuando observe a peatones que empiecen a cruzar o se encuentren cruzando la calzada por vías con las marcas tipo cebras o señales del mismo tipo previstas en este Código.	2
83	1	El conductor de un vehículo, para tomar o dejar pasajeros, está obligado a: No abrir las puertas que controla hasta que el vehículo se encuentre completamente detenido;	3
83	2	El conductor de un vehículo, para tomar o dejar pasajeros, está obligado a: Parar en firme en los lugares establecidos o señalizados cuando se trate de transporte público de pasajeros;	3
83	3	El conductor de un vehículo, para tomar o dejar pasajeros, está obligado a: Realizar la parada en firme junto a la acera o en el paseo cuando esté habilitado para ello;	3
83	4	El conductor de un vehículo, para tomar o dejar pasajeros, está obligado a: Realizar la parada en firme en el borde derecho de la calzada, camino o carril con espacios protegidos;	3
83	5	El conductor de un vehículo, para tomar o dejar pasajeros, está obligado a: Mantener el vehículo detenido solo por el tiempo necesario;	3
83	6	El conductor de un vehículo, para tomar o dejar pasajeros, está obligado a: No emprender nuevamente la marcha hasta que se cerciore de que todos los pasajeros han terminado de subir o bajar del vehículo y las puertas se encuentran debidamente cerradas.	3
84	0	El conductor de un vehículo de motor está obligado a utilizar correctamente el cinturón de seguridad y exigir su uso a los pasajeros.	3
85	1	El conductor de un vehículo para adelantar a otro, en vías de dos o tres carriles o sendas en ambos sentidos de circulación, está obligado a: Comprobar que puede efectuar la maniobra sin ninguna interferencia a los demás vehículos que marchen delante, detrás o se acerquen en sentido opuesto al suyo, y sin riesgo de accidente;	2
85	2	El conductor de un vehículo para adelantar a otro, en vías de dos o tres carriles o sendas en ambos sentidos de circulación, está obligado a: Efectuar el paso o adelantamiento de un vehículo en marcha por la senda izquierda;	2
85	3	El conductor de un vehículo para adelantar a otro, en vías de dos o tres carriles o sendas en ambos sentidos de circulación, está obligado a: Después de ejecutada la maniobra de adelantamiento, incorporarse de forma segura y gradual a la senda o carril por la que transitaba, siempre que no obligue al conductor del vehículo adelantado a modificar su dirección o velocidad.	2
86	1	El conductor del vehículo que va a ser adelantado está obligado a: No aumentar la velocidad, ni efectuar maniobras que impidan o dificulten el adelantamiento;	2
86	2	El conductor del vehículo que va a ser adelantado está obligado a: Disminuir la velocidad cuando, una vez iniciada la maniobra de adelantamiento, se produce alguna situación que entrañe peligro para su propio vehículo, para el del que la ejecuta, para los que circulan en sentido contrario, o para cualquier otro usuario de la vía;	2
86	3	El conductor del vehículo que va a ser adelantado está obligado a: Facilitarle espacio suficiente, al vehículo que lo adelanta, para reintegrarse a la senda o carril por la que circula, cuando termina el adelantamiento.	2
87	0	Al incorporarse a una vía, el conductor de un vehículo está obligado a utilizar, si existe, el carril de aceleración, según las disposiciones establecidas en los artículos 78 y 79 de este Código, sin obligar a los usuarios que circulen por ella a modificar bruscamente la velocidad o dirección de sus vehículos.	3
88	0	Al abandonar una vía, el conductor de un vehículo está obligado a utilizar, si existe, el carril de desaceleración y hacer las señales correspondientes.	3
89	1	El conductor de un vehículo, al realizar un viraje o giro, debe proceder en la forma que a continuación se expresa: Si es a la derecha, realizarlo desde el carril de la extrema derecha de la calzada por donde circula, siempre que las condiciones físicas de la vía lo permitan, hacia la calzada por donde se propone circular, sin estar obligado a incorporarse a un carril específico cuando existan varios, con tal que no interfiera a los vehículos que circulan por ella;	3
89	2	El conductor de un vehículo, al realizar un viraje o giro, debe proceder en la forma que a continuación se expresa: Si es a la izquierda, realizarlo desde el carril o senda de la extrema izquierda de la calzada por donde circula, siempre que las condiciones físicas de la vía lo permitan, hacia la calzada por donde se propone circular, sin estar obligado a incorporarse a un carril específico cuando existan varios con tal que no interfiera a los vehículos que circulan por ella;	3
89	3	El conductor de un vehículo, al realizar un viraje o giro, debe proceder en la forma que a continuación se expresa: Cuando está autorizado por medio de señales, a realizarlo desde dos o más carriles, efectuarlo manteniendo la misma posición en los carriles de la vía a la que se incorpore;	3
89	4	El conductor de un vehículo, al realizar un viraje o giro, debe proceder en la forma que a continuación se expresa: Al efectuarlo a la derecha, a la izquierda o en forma de 'U', ceder el paso a los peatones que empiezan a cruzar o se encuentran cruzando la vía por el lugar autorizado para ello;	2
89	5	El conductor de un vehículo, al realizar un viraje o giro, debe proceder en la forma que a continuación se expresa: Cuando es a la derecha o a la izquierda y existe ciclocarril o ciclovía, no debe interferir la circulación de los ciclos, excepto si existe una señalización que indica la preferencia sobre estos.	2
90	0	El conductor de un vehículo, antes de realizar una media vuelta o giro en forma de 'U', está obligado a cerciorarse de que no pone en peligro a los demás usuarios de la vía, ni obstaculiza la circulación.	2
91	1	No se autoriza realizar la media vuelta o giro en forma de 'U' en los lugares siguientes: A menos de 150 metros anteriores a la entrada o posteriores a la salida de una curva de visibilidad reducida o cambio de rasante que no permita ver la continuación de la vía;	2
91	2	No se autoriza realizar la media vuelta o giro en forma de 'U' en los lugares siguientes: En pasos a nivel, puentes, pasos superiores o inferiores e intercambios;	2
91	3	No se autoriza realizar la media vuelta o giro en forma de 'U' en los lugares siguientes: En aquellos lugares donde para efectuarla se vea obligado a retroceder.	2
92	1	Teniendo en cuenta las condiciones de visibilidad, circulación y estado de la vía, el conductor de un vehículo puede realizar una maniobra de marcha atrás siempre que: La distancia a recorrer no exceda de 20 metros, debiendo observar la vía detrás del vehículo;	2
92	2	Teniendo en cuenta las condiciones de visibilidad, circulación y estado de la vía, el conductor de un vehículo puede realizar una maniobra de marcha atrás siempre que: La velocidad no sea superior a los 20 kilómetros por hora;	2
92	3	Teniendo en cuenta las condiciones de visibilidad, circulación y estado de la vía, el conductor de un vehículo puede realizar una maniobra de marcha atrás siempre que: Se cerciore que detrás de su vehículo no se encuentran peatones u otros vehículos detenidos o en marcha;	2
92	4	Teniendo en cuenta las condiciones de visibilidad, circulación y estado de la vía, el conductor de un vehículo puede realizar una maniobra de marcha atrás siempre que: No cause obstrucciones en la circulación;	2
92	5	Teniendo en cuenta las condiciones de visibilidad, circulación y estado de la vía, el conductor de un vehículo puede realizar una maniobra de marcha atrás siempre que: No obligue a otro vehículo que se aproxima a realizar un cambio brusco de su dirección o velocidad;	2
92	6	Teniendo en cuenta las condiciones de visibilidad, circulación y estado de la vía, el conductor de un vehículo puede realizar una maniobra de marcha atrás siempre que: No se encuentre en un túnel, intersección, paso a nivel, en una curva o próximo a un cambio de rasante, donde no pueda ver la continuación de la vía a una distancia de 150 metros hacia atrás o hacia delante.	2
93	2	Se prohíbe al poseedor legal o persona encargada por cualquier concepto de un vehículo, conducir o permitir que otro conduzca: un vehículo de uso personal bajo los efectos del alcohol en niveles que, conforme a los parámetros establecidos por el Ministerio de Salud Pública, ponen en riesgo o afectan su capacidad para conducir;	1
93	3	Se prohíbe al poseedor legal o persona encargada por cualquier concepto de un vehículo, conducir o permitir que otro conduzca: Bajo los efectos de drogas tóxicas o sustancias alucinógenas, hipnóticas, estupefacientes u otras de efectos similares, incluidos medicamentos, si por esta causa se produce una disminución, aunque fuere mínima, de su capacidad de conducción;	1
93	4	Se prohíbe al poseedor legal o persona encargada por cualquier concepto de un vehículo, conducir o permitir que otro conduzca: Con discapacidades físicas, si no portan una certificación del jefe del órgano de Licencia de Conducción correspondiente, en la que se determinen las limitaciones personales del conductor y las adaptaciones del vehículo requeridas para conducirlo; o que incumpla cualquier otra de las limitaciones impuestas;	3
95	0	Se prohíbe ingerir bebidas alcohólicas en los vehículos y su transportación en los compartimientos destinados al conductor y a los pasajeros cuando es evidente que se está consumiendo.	1
102	1	El que conduzca cualquier vehículo está obligado a mantener concentrada toda la atención en su control y dirección, por lo que se le prohíbe: Mantener otra posición que no sea la de frente ante el volante;	3
102	2	El que conduzca cualquier vehículo está obligado a mantener concentrada toda la atención en su control y dirección, por lo que se le prohíbe: Llevar personas encimadas que le impidan la adecuada seguridad o visibilidad en la conducción;	2
102	3	El que conduzca cualquier vehículo está obligado a mantener concentrada toda la atención en su control y dirección, por lo que se le prohíbe: Conducir con una sola mano sobre el volante, excepto para hacer las señales establecidas para los giros, dar marcha atrás, reducir velocidad o detenerse, efectuar cambios automáticos o mecánicos de velocidades y aplicar el freno de seguridad;	2
102	4	El que conduzca cualquier vehículo está obligado a mantener concentrada toda la atención en su control y dirección, por lo que se le prohíbe: Mantener menos de 5 metros de distancia por cada 15 kilómetros por hora de velocidad, entre vehículos que circulen uno detrás de otro;	2
102	5	El que conduzca cualquier vehículo está obligado a mantener concentrada toda la atención en su control y dirección, por lo que se le prohíbe: Entablar conversación con otra persona mientras el vehículo está en marcha, si se tratase de un vehículo de transporte público o colectivo de pasajeros;	3
102	6	El que conduzca cualquier vehículo está obligado a mantener concentrada toda la atención en su control y dirección, por lo que se le prohíbe: Abrir la portezuela de un vehículo, dejarla abierta o bajarse de este sin antes cerciorarse de que ello no constituye un peligro para sus ocupantes y otros usuarios de la vía;	3
102	7	El que conduzca cualquier vehículo está obligado a mantener concentrada toda la atención en su control y dirección, por lo que se le prohíbe: Conducir con menores de 12 años de edad en el asiento delantero;	2
102	8	El que conduzca cualquier vehículo está obligado a mantener concentrada toda la atención en su control y dirección, por lo que se le prohíbe: Transportar menores de dos años de edad sin acompañamiento de personas adultas o sin aditamentos especiales destinados a estos fines;	2
102	9	El que conduzca cualquier vehículo está obligado a mantener concentrada toda la atención en su control y dirección, por lo que se le prohíbe: Utilizar teléfonos u otros medios de comunicación mientras el vehículo está en marcha.	2
102	10	El que conduzca cualquier vehículo está obligado a mantener concentrada toda la atención en su control y dirección, por lo que se le prohíbe: Usar equipos de audio a un volumen que molesten o impidan la debida concentración en la conducción;	3
102	11	El que conduzca cualquier vehículo está obligado a mantener concentrada toda la atención en su control y dirección, por lo que se le prohíbe: Usar medios informáticos, de comunicación o audiovisuales que interfieran la debida atención a la conducción;	2
102	12	El que conduzca cualquier vehículo está obligado a mantener concentrada toda la atención en su control y dirección, por lo que se le prohíbe: Conducir distraído o realizar cualquier otro acto o maniobra que pueda impedirle atender la conducción.	3
103	1	Se prohíbe la circulación de vehículos cuando: Su longitud sea mayor que 15 metros, en el caso de vehículos rígidos y 18 metros en el caso de vehículos articulados o conjunto de vehículos;	3
103	2	Se prohíbe la circulación de vehículos cuando: Su ancho sea mayor que 2,60 metros;	3
103	3	Se prohíbe la circulación de vehículos cuando: Su altura sea mayor que 4 metros;	3
103	4	Se prohíbe la circulación de vehículos cuando: El peso de la carga que transporte exceda del máximo autorizado por las condiciones técnicas del vehículo y señalado en el permiso o licencia de circulación;	3
103	5	Se prohíbe la circulación de vehículos cuando: La carga útil exceda el peso por eje establecido, en el caso de vehículos rígidos y articulados;	3
103	6	Se prohíbe la circulación de vehículos cuando: Circule por una vía no autorizada para el peso del vehículo de acuerdo con las regulaciones establecidas a estos efectos;	3
103	7	Se prohíbe la circulación de vehículos cuando: Transporte un número de personas, que exceda el total permisible para garantizar la seguridad de los transportados;	2
103	8	Se prohíbe la circulación de vehículos cuando: Transporte personas o carga en los guardafangos, capó, defensa o cualquier parte exterior del vehículo. Se exceptúa el vehículo con aditamento sobre el techo para bultos, maletas u otra carga ligera, o esté diseñado para transportar personas en función de un servicio determinado;	2
103	10	Se prohíbe la circulación de vehículos cuando: Tenga las puertas abiertas;	2
103	11	Se prohíbe la circulación de vehículos cuando: Transporte sustancias peligrosas, salvo con la previa autorización del órgano correspondiente del Ministerio del Interior.	2
104	1	Se prohíbe adelantar a otro vehículo cuando se aproxima o circula por: Una curva de visibilidad reducida;	1
104	2	Se prohíbe adelantar a otro vehículo cuando se aproxima o circula por: Un cambio de rasante que impida ver la continuación de la vía;	1
104	3	Se prohíbe adelantar a otro vehículo cuando se aproxima o circula por: Un paso a nivel	1
104	4	Se prohíbe adelantar a otro vehículo cuando se aproxima o circula por: En túneles;	1
104	5	Se prohíbe adelantar a otro vehículo cuando se aproxima o circula por: En los pasos para peatones, señalizados con la marca tipo cebra.	1
105	0	Se prohíbe adelantar a más de un vehículo, si no tiene la total seguridad de que, al presentarse otro en sentido contrario, puede desviarse hacia el lado derecho sin producir perjuicios o poner en situación de peligro a alguno de los vehículos adelantados.	2
106	0	Se prohíbe la circulación de vehículos por las aceras, paseos, separador central o cualquier otro componente de la vía no construido para tales fines.	2
107	0	Se prohíbe al conductor de un vehículo en marcha realizar su detención de manera rápida o violenta, excepto en caso de fuerza mayor y haciendo la señal adecuada.	2
108	0	Se prohíbe establecer competencias de velocidad en la vía, excepto en los casos autorizados por el Ministerio del Interior.	1
109	0	Se prohíbe interrumpir el tránsito de una vía en cualquier forma y por cualquier tiempo, sin el permiso o la autorización de la unidad correspondiente del Ministerio del Interior y sin situar previamente las señales adecuadas, a fin de garantizar la seguridad de la circulación.	3
110	0	Se prohíbe el trasbordo de mercancías o cualquier objeto de un vehículo a otro en la vía, cuando obstruya la circulación por ella, excepto en casos de accidente, rotura o desperfecto técnico.	3
111	0	Se prohíbe el cruce de vehículos por una intersección o un paso para peatones cuando la vía por donde pretende circular está obstaculizada más allá de dicha intersección o paso, o no permite que el vehículo la rebase sin obstruirla.	3
112	1	La circulación de los ciclos por las vías está sujeta a las disposiciones establecidas en este Código para los vehículos en general y, además, se prohíbe: A menores de 12 años de edad, fuera de zonas o lugares de recreación, repartos residenciales o vías de poco tránsito, en zonas urbanas o rurales;	3
112	2	La circulación de los ciclos por las vías está sujeta a las disposiciones establecidas en este Código para los vehículos en general y, además, se prohíbe: Por aceras o paseos destinados a los peatones;	3
112	3	La circulación de los ciclos por las vías está sujeta a las disposiciones establecidas en este Código para los vehículos en general y, además, se prohíbe: A más de un metro del contén de la acera o borde de la derecha de la calzada o camino, de acuerdo con el sentido en que transita;	3
112	4	La circulación de los ciclos por las vías está sujeta a las disposiciones establecidas en este Código para los vehículos en general y, además, se prohíbe: Soltando el timón, manillas, pedales, o haciendo acrobacia;	3
112	5	La circulación de los ciclos por las vías está sujeta a las disposiciones establecidas en este Código para los vehículos en general y, además, se prohíbe: En marcha paralela a otro ciclo, excepto en el pase o adelantamiento;	3
112	6	La circulación de los ciclos por las vías está sujeta a las disposiciones establecidas en este Código para los vehículos en general y, además, se prohíbe: Llevando personas, salvo que lo hagan en dispositivos adecuados instalados expresamente en el ciclo;	3
112	7	La circulación de los ciclos por las vías está sujeta a las disposiciones establecidas en este Código para los vehículos en general y, además, se prohíbe: Remolcado de otro vehículo;	3
112	8	La circulación de los ciclos por las vías está sujeta a las disposiciones establecidas en este Código para los vehículos en general y, además, se prohíbe: Cuando no posean timbre, fotuto o corneta;	3
112	9	La circulación de los ciclos por las vías está sujeta a las disposiciones establecidas en este Código para los vehículos en general y, además, se prohíbe: Llevando objetos que impidan o dificulten la visibilidad o maniobrabilidad del conductor del ciclo;	3
112	10	La circulación de los ciclos por las vías está sujeta a las disposiciones establecidas en este Código para los vehículos en general y, además, se prohíbe: Sin un sistema de frenos que funcione correctamente o cuando no tengan las condiciones técnicas que garanticen la seguridad en la circulación;	3
112	11	La circulación de los ciclos por las vías está sujeta a las disposiciones establecidas en este Código para los vehículos en general y, además, se prohíbe: En las horas comprendidas entre el anochecer y el amanecer, sin la debida iluminación que lo haga visible a los usuarios de la vía.	3
115	1	Se prohíbe la circulación de tractores y equipos especializados agrícolas, industriales y de la construcción por: Las autopistas y vías expresas o multicarriles de interés nacional.	2
115	2	Se prohíbe la circulación de tractores y equipos especializados agrícolas, industriales y de la construcción por: Las restantes vías de interés nacional y las vías de interés provincial y municipal, salvo con la autorización de la dependencia correspondiente del Ministerio del Interior.	2
117	0	Se prohíbe la circulación por la vía utilizando patines, carriolas o artefactos similares, excepto cuando se realice en vía cerrada a tal efecto o en zona de recreación.	3
118	1	Se prohíbe la circulación de ganado por las vías pavimentadas, excepto en las horas comprendidas entre el amanecer y el anochecer, cuando sea necesario cruzarlo o desplazarlo por un tramo de una de ellas porque no exista otra vía utilizable a tales fines. Ante estas excepciones, los conductores del ganado están obligados a: Cuando se trata de cruzar la vía, efectuarlo con la mayor rapidez posible, y adoptar todas las precauciones para evitar accidentes o daños a los vehículos y demás usuarios de la vía, y si se trata de un rebaño, realizarlo con un conductor, a l00 metros a cada lado con banderas rojas visibles para los conductores que guíen los vehículos que se aproximan;	3
118	2	Se prohíbe la circulación de ganado por las vías pavimentadas, excepto en las horas comprendidas entre el amanecer y el anochecer, cuando sea necesario cruzarlo o desplazarlo por un tramo de una de ellas porque no exista otra vía utilizable a tales fines. Ante estas excepciones, los conductores del ganado están obligados a: Cuando tengan que utilizar un tramo de la vía, tomar las precauciones para evitar accidentes o daños a los vehículos y demás usuarios y si se tratare de un rebaño, portar, además, dos de sus conductores, sendas banderas rojas lo suficientemente visibles para los que guíen los vehículos que se aproximan, y marchar uno de los abanderados 100 metros delante y el otro 100 metros detrás del ganado;	3
118	3	Se prohíbe la circulación de ganado por las vías pavimentadas, excepto en las horas comprendidas entre el amanecer y el anochecer, cuando sea necesario cruzarlo o desplazarlo por un tramo de una de ellas porque no exista otra vía utilizable a tales fines. Ante estas excepciones, los conductores del ganado están obligados a: Cuando se trata de cruzar un paso a nivel, realizarlo de manera rápida, para garantizar la liberación inmediata del crucero.	3
120	0	Se prohíbe a los conductores de vehículos de carga transportar pasajeros, salvo lo dispuesto al respecto en los artículos 135 y 136 de este Código.	3
121	1	En los tramos de vías montañosas y en las partes de otras carreteras indicadas con las señales 'subida de gran pendiente' o 'bajada peligrosa' se prohíbe: Bajar con el motor del vehículo apagado, la transmisión en posición de neutro o con una velocidad de marcha inadecuada;	2
121	2	En los tramos de vías montañosas y en las partes de otras carreteras indicadas con las señales 'subida de gran pendiente' o 'bajada peligrosa' se prohíbe: Remolcar a otro vehículo con un cable u otro objeto similar, que no permita mantener una distancia fija entre ambos vehículos;	2
121	3	En los tramos de vías montañosas y en las partes de otras carreteras indicadas con las señales 'subida de gran pendiente' o 'bajada peligrosa' se prohíbe: Transportar pasajeros en el vehículo remolcado o en el remolcador.	2
122	0	Cuando los tramos de vías o partes de carreteras, referidos en el artículo anterior, no permiten el cruce de dos vehículos en marcha, el conductor del vehículo que circula por la bajada o declive está obligado a ceder el paso a los que circulan en sentido contrario.	2
123	1	Se prohíbe la circulación a vehículos por los túneles que: Transportan materias tóxicas, inflamables o explosivas;	2
123	2	Se prohíbe la circulación a vehículos por los túneles que: No son capaces de alcanzar y mantener una velocidad de 60 kilómetros por hora.	3
124	1	Se prohíbe fumar en los vehículos cuando: Se conduce un transporte público o colectivo de pasajeros;	3
124	2	Se prohíbe fumar en los vehículos cuando: Se transporte o trasiegue materiales inflamables o explosivos;	3
124	3	Se prohíbe fumar en los vehículos cuando: Se circula en calidad de ayudante o pasajero de alguno de los vehículos señalados en los incisos precedentes.	3
125	1	Se prohíbe la reparación de cualquier vehículo en la vía, excepto en los casos de fuerza mayor, por el tiempo mínimo indispensable para continuar la marcha o ser recogido, y de reparaciones ligeras en vías secundarias de poco tránsito, tomando las medidas correspondientes para evitar accidentes. En caso de que el vehículo sea recogido, el conductor del vehículo remolcador está obligado a: Emplear barra fija para remolcar vehículos o en su lugar cable o cuerda resistente y señalizada, no mayor de ocho metros. Si el sistema de frenos del vehículo remolcado no funciona adecuadamente, se prohíbe el uso de cable o cuerda;	3
125	2	Se prohíbe la reparación de cualquier vehículo en la vía, excepto en los casos de fuerza mayor, por el tiempo mínimo indispensable para continuar la marcha o ser recogido, y de reparaciones ligeras en vías secundarias de poco tránsito, tomando las medidas correspondientes para evitar accidentes. En caso de que el vehículo sea recogido, el conductor del vehículo remolcador está obligado a: Avería u otro medio similar, en la parte trasera de este o en otro lugar, siempre que sea perceptible bajo cualquier condición de visibilidad;	3
125	3	Se prohíbe la reparación de cualquier vehículo en la vía, excepto en los casos de fuerza mayor, por el tiempo mínimo indispensable para continuar la marcha o ser recogido, y de reparaciones ligeras en vías secundarias de poco tránsito, tomando las medidas correspondientes para evitar accidentes. En caso de que el vehículo sea recogido, el conductor del vehículo remolcador está obligado a: No desarrollar una velocidad de arrastre superior a 30 kilómetros por hora en zonas urbanas y 40 kilómetros por hora en zonas rurales;	3
125	4	Se prohíbe la reparación de cualquier vehículo en la vía, excepto en los casos de fuerza mayor, por el tiempo mínimo indispensable para continuar la marcha o ser recogido, y de reparaciones ligeras en vías secundarias de poco tránsito, tomando las medidas correspondientes para evitar accidentes. En caso de que el vehículo sea recogido, el conductor del vehículo remolcador está obligado a: Conducir el vehículo con las luces encendidas, independientemente de la hora del día.	3
126	1	En las vías de zonas urbanas y rurales se establecen como límites generales de velocidad los siguientes: 50 kilómetros por hora en vías urbanas, para todos los vehículos de motor;	1
126	2	En las vías de zonas urbanas y rurales se establecen como límites generales de velocidad los siguientes: 90 kilómetros por hora en carreteras, para los automóviles de hasta 3 500 kilogramos de peso máximo autori­zado y ómnibus;	1
126	3	En las vías de zonas urbanas y rurales se establecen como límites generales de velocidad los siguientes: 80 kilómetros por hora en carreteras, para los automóviles de transporte de carga rígidos y articulados;	1
126	4	En las vías de zonas urbanas y rurales se establecen como límites generales de velocidad los siguientes: 70 kilómetros por hora en carreteras, para los automóviles con remolque, grúas y similares;	1
126	5	En las vías de zonas urbanas y rurales se establecen como límites generales de velocidad los siguientes: 100 kilómetros por hora en autopistas, para los automóviles de hasta 3 500 kilogramos de peso máximo autori­zado y ómnibus;	1
126	6	En las vías de zonas urbanas y rurales se establecen como límites generales de velocidad los siguientes: 90 kilómetros por hora en autopistas, para los automóviles de transporte de carga rígidos y articulados;	1
126	7	En las vías de zonas urbanas y rurales se establecen como límites generales de velocidad los siguientes: 80 kilómetros por hora en autopistas, para los automóviles con remolque, grúas y similares;	1
126	8	En las vías de zonas urbanas y rurales se establecen como límites generales de velocidad los siguientes: 20 kilómetros por hora para los equipos especializados de la construcción, industriales, tractores y otros equipos agrícolas.	1
127	1	No obstante lo dispuesto en el artículo anterior: No se debe conducir un automóvil a tan baja velocidad que afecte la fluidez de la circulación, salvo que sea necesario para la seguridad pública;	3
127	2	No obstante lo dispuesto en el artículo anterior: No se debe conducir un automóvil a una velocidad mayor que 60 kilómetros por hora en camino de tierra o terraplén;	3
127	3	No obstante lo dispuesto en el artículo anterior: En los túneles, la velocidad mínima obligatoria es 60 kilómetros por hora siendo la velocidad máxima permisible la que se establece mediante las señales oficiales correspondientes;	3
127	4	No obstante lo dispuesto en el artículo anterior: A la salida de garajes, edificios, o vías de acceso a parqueos interiores, la velocidad no debe exceder de 20 kilómetros por hora;	3
127	5	No obstante lo dispuesto en el artículo anterior: En zonas de niños, la velocidad no debe exceder de 40 kilómetros por hora en zona urbana ni de 60 kilómetros por hora en zona rural.	1
128	1	Sin perjuicio de lo dispuesto en los artículos anteriores, en relación con el límite general de velocidad, el que guíe un vehículo o animal por la vía debe tener pleno dominio de su movimiento y está obligado a moderar la marcha y si es preciso a detenerla, siempre que la circulación, estado de la vía o la visibilidad lo imponga, y especialmente en las ocasiones siguientes: Frente a los lugares de espectáculos públicos y de reuniones, a la hora de entrada y salida del público, o en las aglomeraciones de personas;	2
128	2	Sin perjuicio de lo dispuesto en los artículos anteriores, en relación con el límite general de velocidad, el que guíe un vehículo o animal por la vía debe tener pleno dominio de su movimiento y está obligado a moderar la marcha y si es preciso a detenerla, siempre que la circulación, estado de la vía o la visibilidad lo imponga, y especialmente en las ocasiones siguientes: Al acercarse a animales, solos o en rebaños;	3
128	3	Sin perjuicio de lo dispuesto en los artículos anteriores, en relación con el límite general de velocidad, el que guíe un vehículo o animal por la vía debe tener pleno dominio de su movimiento y está obligado a moderar la marcha y si es preciso a detenerla, siempre que la circulación, estado de la vía o la visibilidad lo imponga, y especialmente en las ocasiones siguientes: En los tramos de las calzadas que presentan estrechamiento;	3
128	4	Sin perjuicio de lo dispuesto en los artículos anteriores, en relación con el límite general de velocidad, el que guíe un vehículo o animal por la vía debe tener pleno dominio de su movimiento y está obligado a moderar la marcha y si es preciso a detenerla, siempre que la circulación, estado de la vía o la visibilidad lo imponga, y especialmente en las ocasiones siguientes: En los casos de niebla densa, lluvia copiosa, nubes de humo o de polvo;	2
128	5	Sin perjuicio de lo dispuesto en los artículos anteriores, en relación con el límite general de velocidad, el que guíe un vehículo o animal por la vía debe tener pleno dominio de su movimiento y está obligado a moderar la marcha y si es preciso a detenerla, siempre que la circulación, estado de la vía o la visibilidad lo imponga, y especialmente en las ocasiones siguientes: Cuando la superficie está resbaladiza por agua, grasa, arena, lodo u otras sustancias o estas puedan proyectarse hacia los vehículos y peatones;	2
128	6	Sin perjuicio de lo dispuesto en los artículos anteriores, en relación con el límite general de velocidad, el que guíe un vehículo o animal por la vía debe tener pleno dominio de su movimiento y está obligado a moderar la marcha y si es preciso a detenerla, siempre que la circulación, estado de la vía o la visibilidad lo imponga, y especialmente en las ocasiones siguientes: Cuando algún ómnibus o vehículo de transporte colectivo de pasajeros se está deteniendo o se encuentra detenido;	3
128	7	Sin perjuicio de lo dispuesto en los artículos anteriores, en relación con el límite general de velocidad, el que guíe un vehículo o animal por la vía debe tener pleno dominio de su movimiento y está obligado a moderar la marcha y si es preciso a detenerla, siempre que la circulación, estado de la vía o la visibilidad lo imponga, y especialmente en las ocasiones siguientes: Cuando un peatón se encuentre en la calzada, para permitirle el cruce;	2
128	8	Sin perjuicio de lo dispuesto en los artículos anteriores, en relación con el límite general de velocidad, el que guíe un vehículo o animal por la vía debe tener pleno dominio de su movimiento y está obligado a moderar la marcha y si es preciso a detenerla, siempre que la circulación, estado de la vía o la visibilidad lo imponga, y especialmente en las ocasiones siguientes: Ante la presencia de un peatón discapacitado;	2
128	9	Sin perjuicio de lo dispuesto en los artículos anteriores, en relación con el límite general de velocidad, el que guíe un vehículo o animal por la vía debe tener pleno dominio de su movimiento y está obligado a moderar la marcha y si es preciso a detenerla, siempre que la circulación, estado de la vía o la visibilidad lo imponga, y especialmente en las ocasiones siguientes: En una intersección semaforizada, cuando el semáforo no funciona o no se observa alguna de sus luces encendidas;	2
128	10	Sin perjuicio de lo dispuesto en los artículos anteriores, en relación con el límite general de velocidad, el que guíe un vehículo o animal por la vía debe tener pleno dominio de su movimiento y está obligado a moderar la marcha y si es preciso a detenerla, siempre que la circulación, estado de la vía o la visibilidad lo imponga, y especialmente en las ocasiones siguientes: Cuando la persona que guía grupos organizados de niños, jóvenes o adultos, se lo indica para permitir el cruce de estos por la vía.	2
131	1	La carga de un vehículo debe estar acondicionada y sujeta de modo que: No se arrastre por la vía, ni caiga sobre esta;	3
131	2	La carga de un vehículo debe estar acondicionada y sujeta de modo que: No se arrastre por la vía, ni caiga sobre esta;	3
131	3	La carga de un vehículo debe estar acondicionada y sujeta de modo que: No estorbe la visibilidad del conductor ni impida la estabilidad o la conducción del vehículo;	3
131	4	La carga de un vehículo debe estar acondicionada y sujeta de modo que: No provoque ruido innecesario, polvo u otras incomodidades;	3
131	5	La carga de un vehículo debe estar acondicionada y sujeta de modo que: No tape u oculte las luces, incluidas las de frenado y las de los indicadores de dirección, los dispositivos reflectantes, el número de la placa o chapa;	3
131	6	La carga de un vehículo debe estar acondicionada y sujeta de modo que: Los accesorios utilizados para acondicionar y proteger la carga, reúnan las características previstas en los numerales del presente artículo.	3
132	1	Ningún vehículo cargado está autorizado a circular cuando: La altura de la carga excede de 4 metros sobre el pavimento o terreno;	3
132	2	Ningún vehículo cargado está autorizado a circular cuando: La carga sobresalga del ancho de su cama o caja;	3
132	3	Ningún vehículo cargado está autorizado a circular cuando: La carga sobresalga más de dos metros de su cama o caja, por sus extremos delantero y trasero;	3
132	4	Ningún vehículo cargado está autorizado a circular cuando: Transporte materiales o residuos de cualquier clase, susceptibles de esparcirse o caer en la vía, salvo que estén totalmente cubiertos, por lo menos, con un tapacete adecuado;	3
132	5	Ningún vehículo cargado está autorizado a circular cuando: Transporte sustancias o residuos malolientes de cualquier clase, excepto si el vehículo es cerrado o aquellos están en recipientes herméticamente cerrados.	3
134	0	Las cargas que sobresalen de su cama o caja más de un metro por delante o por detrás, deben señalizarse en su parte más sobresaliente con una luz blanca o un dispositivo reflectante de color blanco, por delante, y por detrás con una luz roja o un dispositivo reflectante de color rojo, desde el anochecer hasta el amanecer. Desde el amanecer hasta el anochecer en lugar de las luces y dispositivos referidos anteriormente, se sitúan dos banderas de color rojo de 30 por 30 centímetros. Las luces y dispositivos, así como las banderas referidas anteriormente, deben estar situadas en forma tal que puedan ser advertidas claramente a una distancia de 100 metros como mínimo por los demás conductores al acercarse o rebasar el vehículo que transporte dicho tipo de carga.	3
135	1	Se autoriza el uso de vehículos de carga para el traslado de pasajeros, siempre que se cumplan las reglas siguientes: La velocidad máxima no exceda de 40 kilómetros por hora en zona urbana ni de 60 kilómetros por hora en zona rural, sin perjuicio de observar las restricciones de velocidad establecidas para cada tramo de la vía;	1
135	2	Se autoriza el uso de vehículos de carga para el traslado de pasajeros, siempre que se cumplan las reglas siguientes: Estar provisto de barandas posteriores y laterales, de metal o madera, capaces de resistir el impacto de los pasajeros en los casos de bandazos o frenazos rápidos;	1
135	3	Se autoriza el uso de vehículos de carga para el traslado de pasajeros, siempre que se cumplan las reglas siguientes: La altura de las barandas no debe ser inferior a los 40 centímetros;	1
135	4	Se autoriza el uso de vehículos de carga para el traslado de pasajeros, siempre que se cumplan las reglas siguientes: Cuando las barandas del vehículo tengan una altura inferior a 120 centímetros y superior a 40, las personas que transporte deben ir sentadas en la cama o caja del vehículo;	1
135	5	Se autoriza el uso de vehículos de carga para el traslado de pasajeros, siempre que se cumplan las reglas siguientes: El número de personas no puede exceder de cuatro por metros cuadrados;	2
135	6	Se autoriza el uso de vehículos de carga para el traslado de pasajeros, siempre que se cumplan las reglas siguientes: En viajes de más de una hora todos los pasajeros deben ir sentados;	2
135	7	Se autoriza el uso de vehículos de carga para el traslado de pasajeros, siempre que se cumplan las reglas siguientes: No transportar personas sentadas en las barandas laterales o posterior del vehículo ni con parte del cuerpo en la parte exterior del borde de la cama o caja de este;	1
135	8	Se autoriza el uso de vehículos de carga para el traslado de pasajeros, siempre que se cumplan las reglas siguientes: Llevar cerrada la tapa o baranda posterior durante el viaje;	1
135	9	Se autoriza el uso de vehículos de carga para el traslado de pasajeros, siempre que se cumplan las reglas siguientes: No llevar cajas ni otro tipo de carga, si ello afecta la seguridad de las personas que transporta;	2
135	10	Se autoriza el uso de vehículos de carga para el traslado de pasajeros, siempre que se cumplan las reglas siguientes: Evitar bandazos, frenazos rápidos y otras maniobras similares.	2
136	4	Los vehículos de carga autorizados para el transporte de personas que concurren a concentraciones populares y otras actividades debidamente reguladas, cuando circulan solos o en caravanas, sin perjuicio de lo dispuesto en el artículo anterior, deben observar las reglas siguientes: Ningún vehículo de la caravana puede adelantarse al que le precede, a no ser en caso de fuerza mayor;	2
136	5	Los vehículos de carga autorizados para el transporte de personas que concurren a concentraciones populares y otras actividades debidamente reguladas, cuando circulan solos o en caravanas, sin perjuicio de lo dispuesto en el artículo anterior, deben observar las reglas siguientes: Todo vehículo que forma parte de una caravana debe llevar encendidas, en horas del día, las luces de cruces o cortas;	3
136	6	Los vehículos de carga autorizados para el transporte de personas que concurren a concentraciones populares y otras actividades debidamente reguladas, cuando circulan solos o en caravanas, sin perjuicio de lo dispuesto en el artículo anterior, deben observar las reglas siguientes: Ningún vehículo o caravana puede adelantar a cualquier otro en la vía, a menos que este se encuentre detenido o que su velocidad sea inferior a los límites que se establecen en el numeral 1 del Artículo 135 y siempre que las condiciones de visibilidad y de la vía garanticen con seguridad el adelantamiento de este;	2
136	7	Los vehículos de carga autorizados para el transporte de personas que concurren a concentraciones populares y otras actividades debidamente reguladas, cuando circulan solos o en caravanas, sin perjuicio de lo dispuesto en el artículo anterior, deben observar las reglas siguientes: Cuando un vehículo o caravana que conduce personas llega a su lugar de destino, debe apartarse, de ser posible, de la calzada o camino;	3
136	8	Los vehículos de carga autorizados para el transporte de personas que concurren a concentraciones populares y otras actividades debidamente reguladas, cuando circulan solos o en caravanas, sin perjuicio de lo dispuesto en el artículo anterior, deben observar las reglas siguientes: No se permite que las personas se bajen del vehículo hasta que este se haya detenido en el área prevista para ello;	3
137	1	El estacionamiento o parqueo de vehículos en lugares no prohibidos de la vía debe efectuarse: Paralelo a la dirección de la circulación y junto a la acera o borde derecho de la calzada en vías de dos sentidos de circulación;	3
137	2	El estacionamiento o parqueo de vehículos en lugares no prohibidos de la vía debe efectuarse: Paralelo a la dirección de la circulación y junto a la acera o borde izquierdo de la calzada y en el sentido del tránsito en vías de un solo sentido de circulación; excepto en vías secundarias de poco tránsito, en zonas residenciales y con el ancho suficiente para acomodar tres hileras de vehículos, donde puede estacionarse a ambos lados de la calzada;	3
137	3	El estacionamiento o parqueo de vehículos en lugares no prohibidos de la vía debe efectuarse: Con las ruedas del vehículo a una distancia no mayor que 10 centímetros del contén de la acera o borde de la calzada;	3
137	4	El estacionamiento o parqueo de vehículos en lugares no prohibidos de la vía debe efectuarse: A una distancia no menor que 50 centímetros de otro vehículo;	3
137	5	El estacionamiento o parqueo de vehículos en lugares no prohibidos de la vía debe efectuarse: En la forma que se indica en la zona de la vía donde existen marcas, señales y contén;	3
137	6	El estacionamiento o parqueo de vehículos en lugares no prohibidos de la vía debe efectuarse: Dentro de la valla del parqueo, sin sobresalir sus límites, en estacionamientos paralelos o no a la circulación.	3
138	1	El conductor de un vehículo al estacionarlo o parquearlo en la vía autorizada para ello, está obligado a cumplir las reglas siguientes: Parar el motor del vehículo y cerrar el chucho o interruptor de la ignición;	3
138	3	El conductor de un vehículo al estacionarlo o parquearlo en la vía autorizada para ello, está obligado a cumplir las reglas siguientes: Aplicar el freno de mano o seguridad;	3
138	4	El conductor de un vehículo al estacionarlo o parquearlo en la vía autorizada para ello, está obligado a cumplir las reglas siguientes: Si el vehículo queda estacionado en pendiente ascendente o cuesta arriba, debe aplicar la primera velocidad y girar el volante del timón en sentido contrario al contén de manera tal que, de desplazarse el vehículo las ruedas topen con este;	2
138	5	El conductor de un vehículo al estacionarlo o parquearlo en la vía autorizada para ello, está obligado a cumplir las reglas siguientes: Si el vehículo queda estacionado en pendiente descendente o cuesta abajo, debe aplicar la velocidad para marcha atrás y girar el volante del timón hacia el contén de manera tal que, de desplazarse el vehículo las ruedas topen con este;	2
138	6	El conductor de un vehículo al estacionarlo o parquearlo en la vía autorizada para ello, está obligado a cumplir las reglas siguientes: En vías donde no existe contén, el conductor está obligado a calzar las ruedas o gomas traseras o delanteras del vehículo, según se realice el estacionamiento en pendiente ascendente o descendente.	2
139	1	Se prohíbe el estacionamiento o parqueo de vehículos en los lugares siguientes: Acera, paseo o césped;	3
139	2	Se prohíbe el estacionamiento o parqueo de vehículos en los lugares siguientes: En la zona de carga, en las horas y días establecidos para las operaciones de carga y descarga;	3
139	3	Se prohíbe el estacionamiento o parqueo de vehículos en los lugares siguientes: En el espacio de 40 metros hacia atrás, como mínimo, y 10 metros hacia delante de la señal oficial de parada de ómnibus destinados al servicio de transporte público de pasajeros;	3
139	4	Se prohíbe el estacionamiento o parqueo de vehículos en los lugares siguientes: En el espacio que comprende una zona o piquera de automóviles de alquiler, en los días y horas en que se preste este servicio;	3
139	5	Se prohíbe el estacionamiento o parqueo de vehículos en los lugares siguientes: En la parte de la vía que circunda las islas o rotondas, situadas en la confluencia de las vías;	3
139	6	Se prohíbe el estacionamiento o parqueo de vehículos en los lugares siguientes: En la entrada o salida de garajes, pistas y rampas;	3
139	7	Se prohíbe el estacionamiento o parqueo de vehículos en los lugares siguientes: Entre una zona de seguridad y la acera;	3
139	8	Se prohíbe el estacionamiento o parqueo de vehículos en los lugares siguientes: Entre dos zonas de seguridad;	3
139	9	Se prohíbe el estacionamiento o parqueo de vehículos en los lugares siguientes: En el espacio comprendido entre las dos líneas longitudinales continuas marcadas en el pavimento y que separan los sentidos de circulación, las que hacen función de separador central, al no existir este físicamente;	3
139	10	Se prohíbe el estacionamiento o parqueo de vehículos en los lugares siguientes: En zonas oficiales, zonas de embajadas o consulados;	3
139	11	Se prohíbe el estacionamiento o parqueo de vehículos en los lugares siguientes: Frente o a una distancia menor que cuatro metros, anterior y posterior de un hidrante;	3
139	12	Se prohíbe el estacionamiento o parqueo de vehículos en los lugares siguientes: En el frente y costado de las unidades de la Policía Nacional Revolucionaria, de extinción de incendios u otras del Ministerio del Interior o de las Fuerzas Armadas Revolucionarias;	3
139	13	Se prohíbe el estacionamiento o parqueo de vehículos en los lugares siguientes: Frente a la entrada principal de edificios públicos, de forma tal que obstruya o dificulte la entrada y salida a los mismos;	3
139	14	Se prohíbe el estacionamiento o parqueo de vehículos en los lugares siguientes: En los puentes, túneles, pasos superiores o inferiores, pasos peatonales, intercambios y sus accesos, en curvas de visibilidad reducida, en la proximidad de cambio de rasante que oculte la continuación de la vía;	2
139	15	Se prohíbe el estacionamiento o parqueo de vehículos en los lugares siguientes: Sobre los pasos a nivel y en el espacio de 10 metros hacia delante y hacia atrás de estos;	2
139	16	Se prohíbe el estacionamiento o parqueo de vehículos en los lugares siguientes: En los lugares de peligro que se refieren en los numerales 14 y 15 aunque la detención sea momentánea;	2
139	17	Se prohíbe el estacionamiento o parqueo de vehículos en los lugares siguientes: En ciclovías, ciclocarriles o en vías exclusivas;	3
139	18	Se prohíbe el estacionamiento o parqueo de vehículos en los lugares siguientes: Donde dificulte la visibilidad de maniobra de otros conductores;	3
139	19	Se prohíbe el estacionamiento o parqueo de vehículos en los lugares siguientes: En el espacio de 10 metros anteriores y 10 metros posteriores de los accesos a las intersecciones y 100 metros si estas son semaforizadas;	3
139	20	Se prohíbe el estacionamiento o parqueo de vehículos en los lugares siguientes: En cualquier otro lugar, de forma paralela o de cualquier otra que impida la salida de otros vehículos ya estacionados;	3
139	21	Se prohíbe el estacionamiento o parqueo de vehículos en los lugares siguientes: En cualquier lugar y forma que impida u obstruya la fluidez de la circulación vial.	3
140	1	Se prohíbe estacionar o parquear vehículos en la parte destinada a la circulación en las vías rurales, excepto cuando por rotura de un mecanismo u otra causa de fuerza mayor, es necesario hacerlo; en este caso su conductor está obligado a: Colocar la señal establecida en el Artículo 201 de este Código, a una distancia de 30 metros detrás del vehículo, en línea recta con él y de manera que sea visible a una distancia no menor que 150 metros de donde está colocado;	2
140	2	Se prohíbe estacionar o parquear vehículos en la parte destinada a la circulación en las vías rurales, excepto cuando por rotura de un mecanismo u otra causa de fuerza mayor, es necesario hacerlo; en este caso su conductor está obligado a: Si hay oscuridad, niebla densa, lluvia, nubes de humo o polvo, además, a encender las luces de estacionamiento o de posición;	2
140	3	Se prohíbe estacionar o parquear vehículos en la parte destinada a la circulación en las vías rurales, excepto cuando por rotura de un mecanismo u otra causa de fuerza mayor, es necesario hacerlo; en este caso su conductor está obligado a: Si hubiere necesidad de usar piedras u otros objetos para la reparación del vehículo o de situar señales en la vía, a retirarlos tan pronto su uso deje de ser necesario;	2
140	4	Se prohíbe estacionar o parquear vehículos en la parte destinada a la circulación en las vías rurales, excepto cuando por rotura de un mecanismo u otra causa de fuerza mayor, es necesario hacerlo; en este caso su conductor está obligado a: Los vehículos de conservación vial, mantenimiento eléctrico o de comunicaciones, estacionar solo por el tiempo requerido para ejecutar el trabajo de que se trate, sin obstruir el tránsito, y adoptar las medidas establecidas en los artículos 160, numeral 23, y 201, de este Código.	2
142	1	Las zonas de carga y descarga se establecen en las calzadas o tramos de estas, frente a establecimientos mercantiles, fabriles o industriales o de servicio y deben estar autorizadas y señalizadas por el órgano encargado de la seguridad del tránsito. Las operaciones de carga o descarga y el uso de dichas zonas se ajustan a las reglas siguientes: En los días y horas autorizados para la carga y descarga, la detención del vehículo debe limitarse solo al tiempo necesario para realizar dichas operaciones;	3
142	2	Las zonas de carga y descarga se establecen en las calzadas o tramos de estas, frente a establecimientos mercantiles, fabriles o industriales o de servicio y deben estar autorizadas y señalizadas por el órgano encargado de la seguridad del tránsito. Las operaciones de carga o descarga y el uso de dichas zonas se ajustan a las reglas siguientes: Fuera de los días y horarios autorizados, el parqueo en las zonas de carga y descarga puede realizase cuando no contraviene lo dispuesto por otra regulación del órgano encargado de la seguridad del tránsito o por este Código.	3
144	1	Al circular por la vía, el peatón está obligado a cumplir las reglas siguientes: Caminar por la acera o paseo dentro de los perímetros urbanos, por el lado derecho del sentido en que transite y no hacerlo paralelo a otro peatón en las aceras de hasta un metro de ancho, cuando impida o dificulte el paso a otro peatón en cualquier sentido;	3
144	2	Al circular por la vía, el peatón está obligado a cumplir las reglas siguientes: Circular por la calzada lo más próximo posible al contén de la acera o borde de esta, cuando lleve un objeto voluminoso que entorpezca la circulación de otros peatones por la acera o paseo, y adoptar las precauciones necesarias;	3
144	3	Al circular por la vía, el peatón está obligado a cumplir las reglas siguientes: Circular por la calzada, lo más próximo posible al borde de esta en una sola fila, uno detrás de otro, y adoptar las precauciones debidas, en la vía comprendida en los perímetros urbanos en las que no es posible utilizar las aceras o paseo, o estos no existan;	3
144	4	Al circular por la vía, el peatón está obligado a cumplir las reglas siguientes: Caminar por la izquierda, de frente a la circulación de los vehículos y utilizar los paseos o espacios destinados al peatón, en una vía fuera de los perímetros urbanos. Cuando no existen estos, o existiendo no se pueda transitar por ellos por causa de fuerza mayor, hacerlo por la calzada lo más cercano posible a su borde;	3
144	5	Al circular por la vía, el peatón está obligado a cumplir las reglas siguientes: Cuando se trate de grupos organizados de peatones, circular por la extrema derecha de la calzada en el sentido de la circulación de los vehículos, formados en no más de cuatro filas, con un guía delante y otro detrás;	3
144	6	Al circular por la vía, el peatón está obligado a cumplir las reglas siguientes: Cuando se trata de grupos organizados de niños, circular por la acera o paseo, en no más de dos filas, y conducidos por no menos de dos guías, uno delante y otro detrás del grupo.	3
145	1	En el momento de cruzar la calzada el peatón está obligado a cumplir las reglas siguientes: Hacerlo sin demora y sin detenerse, sin perjuicio de lo establecido en el numeral 2 del Artículo 67 de este Código;	3
145	2	En el momento de cruzar la calzada el peatón está obligado a cumplir las reglas siguientes: Mantenerse en la zona de seguridad o refugio de peatones, o en la línea o centro de la vía, cuando en su intento no logre realizar el cruce;	3
145	3	En el momento de cruzar la calzada el peatón está obligado a cumplir las reglas siguientes: Hacerlo por la zona de la calzada donde existan pasos a desnivel, cebra, doble línea para el cruce del peatón o señalización vertical que indique el cruce;	3
145	4	En el momento de cruzar la calzada el peatón está obligado a cumplir las reglas siguientes: Hacerlo en línea recta de acera a acera, por la trayectoria más corta y cediendo el paso a los vehículos que circulan por la vía que se propone cruzar, en las intersecciones urbanas que no tengan señal o marcado del pavimento para el paso de peatones;	3
145	5	En el momento de cruzar la calzada el peatón está obligado a cumplir las reglas siguientes: Fuera de una intersección, lo hace solo perpendicularmente a la acera o al eje de la vía, cediendo el paso a todo vehículo que transite por ella;	3
145	6	En el momento de cruzar la calzada el peatón está obligado a cumplir las reglas siguientes: En cualquier intersección o tramo de vía, si existe semáforo para peatones, proceder de acuerdo con lo referido en el Artículo 155; si existe semáforo solo para vehículo, esperar que se proyecte la luz verde hacia la vía transversal a la que se propone cruzar, y adoptar las debidas precauciones con relación a los vehículos que giran a la derecha o izquierda hacia la vía que el peatón va a cruzar;	3
145	7	En el momento de cruzar la calzada el peatón está obligado a cumplir las reglas siguientes: En las vías urbanas o rurales, donde el cruce de peatones no esté regulado o controlado por agentes o semáforo, realizar el cruce solo cuando no se aproxime un vehículo o cuando este, por su velocidad o distancia, no le ofrezca peligro.	3
145	8	En el momento de cruzar la calzada el peatón está obligado a cumplir las reglas siguientes: Al cruzar un grupo organizado de niños por una vía o una intersección, es obligación del guía delantero detener el tránsito de los vehículos en las vías que se pretende cruzar;	3
145	9	En el momento de cruzar la calzada el peatón está obligado a cumplir las reglas siguientes: Cuando se trate de grupos organizados de peatones, los guías regulan el tránsito para realizar el cruce y portan una luz blanca, y una roja respectivamente cuando la circulación se realiza de noche o en zona de escasa visibilidad.	3
146	1	Se prohíbe a los peatones: Cruzar una vía entre vehículos parqueados, o por delante o por detrás de un vehículo que está detenido o se está deteniendo;	3
146	2	Se prohíbe a los peatones: Formar grupos en las aceras que obstruyan la circulación de otros peatones, o impidan la visibilidad de los conductores en las intersecciones;	3
146	3	Se prohíbe a los peatones: Invadir o permanecer en la calzada de forma tal que obstruya la circulación vehicular.	3
148	1	Los pasajeros están obligados a: Hacer uso de los medios de protección pasivos instalados en el vehículo;	3
148	2	Los pasajeros están obligados a: Abrir las puertas del vehículo cuando este se encuentre totalmente detenido y después de cerciorarse que no ofrece peligro para su seguridad y la de los demás usuarios de la vía;	3
148	3	Los pasajeros están obligados a: Descender o abordar con el vehículo detenido y hacerlo por el lado donde está la acera, paseo, borde de la calzada o por detrás;	3
148	5	Los pasajeros están obligados a: Cerrar correctamente las puertas del vehículo después de montarse o descender;	3
148	6	Los pasajeros están obligados a: No llevar parte del cuerpo u objetos fuera de la cabina o cama;	3
148	7	Los pasajeros están obligados a: Permanecer sentados en vehículos con barandas inferiores a 120 centímetros;	2
148	8	Los pasajeros están obligados a: No arrojar objetos hacia la vía.	3
150	1	La luz roja indica que: Los conductores de vehículos están obligados a detenerse en la línea de Pare o, si no existe esta, hacerlo antes del paso para peatones, en las inmediaciones de la intersección sin sobrepasar la misma o en la vertical de la señal correspondiente si la hubiere y los peatones en la acera o zona de seguridad. Cuando junto con esta luz se enciende la amarilla significa que está a punto de terminar, pero esto no cambia la acción prohibitiva de la luz roja;	1
150	2	La luz roja indica que: Con independencia de lo señalado, se puede efectuar giros a la derecha o seguir recto en las intersecciones autorizadas mediante la señalización correspondiente. El conductor está obligado a adoptar las precauciones debidas para no interferir la circulación de los vehículos que lo hacen por la vía que tiene proyectada la luz verde;	1
150	3	La luz roja indica que: Los conductores de vehículos, cuando exista una o dos luces rojas intermitentes alternativamente, están obligados a detenerse en la línea de Pare o, si no existe esta, hacerlo antes del paso para peatones, en las inmediaciones de la intersección sin sobrepasar esta, cualesquiera que sean las circunstancias de visibilidad, y continuar la marcha cediendo el paso a los vehículos que lo hacen por la vía transversal o de los peatones que hacen uso del cruce;	1
150	4	La luz roja indica que: Los conductores de vehículos, cuando exista una o dos luces rojas intermitentes alternativamente en los pasos a nivel, salidas de ambulancias, vehículos de bomberos y otros con régimen especial y puentes móviles, no continúan la marcha mientras la luz o las luces permanezcan encendidas.	1
151	1	La luz amarilla indica que: Los conductores de vehículos están obligados a detenerse en la línea de Pare o, si no existe esta, hacerlo antes del paso para peatones, en las inmediaciones de la intersección sin sobrepasar esta o en la vertical de la señal correspondiente si la hubiere, a no ser que, cuando se proyecte la luz amarilla, se encuentre tan cerca de la intersección que no pueda detener el vehículo en condiciones de seguridad suficiente y que los peatones tienen que pararse sobre la acera o zona de seguridad;	2
152	1	La luz verde indica que: Los conductores de vehículos pueden continuar la marcha por la vía que circulan, girar a la derecha y a la izquierda con precaución en las intersecciones donde no se prohíba este giro cediendo el paso a los vehículos que circulan en sentido contrario y sin obstruir la circulación de los vehículos que lo suceden. Se exceptúan de esta regulación los carriles para lo que se disponga de una fase semafórica para el giro de izquierda, simultánea o no con el sentido recto;	1
152	2	La luz verde indica que: Cuando la luz verde se proyecte con flecha, solo se permite a los conductores de los vehículos continuar la marcha en el sentido que indique aquella, independientemente del sentido de circulación de la vía;	1
153	1	Los semáforos de ocupación de carril constan de uno o más lentes, se ubican encima de los carriles de circulación en vías de dos o más carriles y regulan exclusivamente a los vehículos que circulen sobre el que están situados o en el que se indique en el panel de señalización variable, y son: Luz roja: determina la prohibición a los vehículos de ocupar el carril sobre el que está encendida;	2
153	2	Los semáforos de ocupación de carril constan de uno o más lentes, se ubican encima de los carriles de circulación en vías de dos o más carriles y regulan exclusivamente a los vehículos que circulen sobre el que están situados o en el que se indique en el panel de señalización variable, y son: Los conductores de los vehículos que circulen por un carril sobre el que se encienda esta luz deberán abandonarlo lo antes posible;	2
153	5	Los semáforos de ocupación de carril constan de uno o más lentes, se ubican encima de los carriles de circulación en vías de dos o más carriles y regulan exclusivamente a los vehículos que circulen sobre el que están situados o en el que se indique en el panel de señalización variable, y son: Luz blanca o amarilla intermitente: no incorporada a una señal de orientación y colocada encima de un carril apuntando hacia abajo de forma oblicua, indica la necesidad de incorporarse en condiciones de seguridad, hacia el carril señalado, ya que aquel por el que circula va a quedar cerrado a la circulación en ese sentido, en corto tiempo.	3
154	1	Para la regulación del tránsito en los pasos a nivel, además de las señales verticales, se pueden utilizar las siguientes: Señal lumínica intermitente de color rojo: colocada en un mástil en los pasos a nivel o barreras, indica la aproximación de un vehículo por la vía férrea y prohíbe el cruce del paso a nivel;	1
155	0	Para la regulación del tránsito del peatón se utilizan semáforos de dos Secciones, con luces rojas y verdes y señales en forma de siluetas o letreros. Estas luces indican que los peatones deben cruzar con la luz verde y detenerse en las aceras, paseos o zonas de seguridad cuando se proyecta la luz roja. Los semáforos para peatones pueden estar provistos de una señal sonora que indique el tiempo de que dispone el peatón para cruzar la vía. Al cruzar una vía con semáforo para peatones debe hacerlo por los lugares marcados en el pavimento, con rapidez atendiendo al tiempo de que dispone para realizar el cruce. En las intersecciones en que existan líneas continuas en forma de 'X' puede efectuar el cruce en forma diagonal.	3
164	1	Las señales de prohibición (Grupo C) tienen el significado siguiente: Circulación prohibida: prohibición de circular por la vía a todos los vehículos;	3
164	2	Las señales de prohibición (Grupo C) tienen el significado siguiente: Acceso prohibido: prohibición de circular por la vía a todos los vehículos, en el sentido hacia el cual indica la señal;	3
164	3	Las señales de prohibición (Grupo C) tienen el significado siguiente: Circulación prohibida: a todos los vehículos de motor, excepto las motocicletas y ciclomotores;	3
164	4	Las señales de prohibición (Grupo C) tienen el significado siguiente: Circulación prohibida: a las motocicletas y ciclomotores;	3
164	5	Las señales de prohibición (Grupo C) tienen el significado siguiente: Circulación prohibida: a todos los vehículos de motor, e incluye las motocicletas y ciclomotores;	3
164	6	Las señales de prohibición (Grupo C) tienen el significado siguiente: Circulación prohibida: a los vehículos destinados a transporte de carga que sobrepasan un peso máximo autorizado de 3 500 kilogramos;	3
164	7	Las señales de prohibición (Grupo C) tienen el significado siguiente: Circulación prohibida: a los ciclos;	3
164	8	Las señales de prohibición (Grupo C) tienen el significado siguiente: Circulación prohibida: a los vehículos de tracción animal;	3
164	9	Las señales de prohibición (Grupo C) tienen el significado siguiente: Circulación prohibida: a los animales de silla o montura;	3
164	10	Las señales de prohibición (Grupo C) tienen el significado siguiente: Circulación prohibida: a los carros de mano;	3
164	11	Las señales de prohibición (Grupo C) tienen el significado siguiente: Circulación prohibida: a los peatones;	3
164	12	Las señales de prohibición (Grupo C) tienen el significado siguiente: Circulación prohibida: a los vehículos de un peso en carga superior al que indica la señal;	3
164	13	Las señales de prohibición (Grupo C) tienen el significado siguiente: Circulación prohibida: a los vehículos de un peso superior al que indica la señal para cada eje;	3
164	14	Las señales de prohibición (Grupo C) tienen el significado siguiente: Circulación prohibida: a los vehículos o conjuntos de vehículos de una longitud superior a la que indica la señal;	3
164	15	Las señales de prohibición (Grupo C) tienen el significado siguiente: Circulación prohibida: a los vehículos con un ancho superior a la que indica la señal;	3
164	16	Las señales de prohibición (Grupo C) tienen el significado siguiente: Circulación prohibida: a los vehículos con una altura superior a la que indica la señal;	3
164	17	Las señales de prohibición (Grupo C) tienen el significado siguiente: Circulación prohibida: a todo vehículo de motor con remolque que no sea un semirremolque o un remolque de un solo eje;	3
164	18	Las señales de prohibición (Grupo C) tienen el significado siguiente: Circulación prohibida: a todos los vehículos agrícolas de motor;	3
164	19	Las señales de prohibición (Grupo C) tienen el significado siguiente: Circulación prohibida: cuando no es mantenida entre vehículos la distancia mínima de metros que indica la señal;	3
164	20	Las señales de prohibición (Grupo C) tienen el significado siguiente: Velocidad máxima: establece el límite máximo de velocidad a que se puede circular;	1
164	21	Las señales de prohibición (Grupo C) tienen el significado siguiente: Prohibido girar a la derecha en la intersección: indica que el vehículo no puede girar a la derecha por la intersección a que se refiere la señal;	3
164	22	Las señales de prohibición (Grupo C) tienen el significado siguiente: Prohibido girar a la izquierda en la intersección: indica que el vehículo no puede girar a la izquierda en la intersección a que se refiere la señal;	3
164	23	Las señales de prohibición (Grupo C) tienen el significado siguiente: Prohibido dar media vuelta o girar en 'U': indica que está prohibido dar media vuelta o girar en 'U', en el lugar a que se refiere la señal;	2
164	24	Las señales de prohibición (Grupo C) tienen el significado siguiente: Prohibido adelantar: prohibición de adelantar a cualquiera de los vehículos de motor que circulan por la vía, excepto a los ciclos y a las motocicletas de dos ruedas y ciclomotores;	2
164	25	Las señales de prohibición (Grupo C) tienen el significado siguiente: Prohibido adelantar los vehículos de carga y pasajeros: prohibición de adelantar para los vehículos destinados al transporte de pasajeros, de carga y especiales cuyo peso máximo autorizado exceda los 3 500 kilogramos; el límite de peso máximo autorizado puede variar si está señalado en una placa complementaria;	2
164	26	Las señales de prohibición (Grupo C) tienen el significado siguiente: Estacionamiento prohibido: prohibido estacionar o parquear en el lado de la vía en que está situada la señal; la prohibición se aplica a partir de la vertical de la señal hasta la próxima intersección con una vía; mediante placa complementaria se puede exceptuar de la prohibición a determinados usuarios;	2
164	27	Las señales de prohibición (Grupo C) tienen el significado siguiente: Estacionamiento prohibido los días pares: la prohibición de estacionar se aplica solo los días pares en el lado de la vía en que está situada la señal;	3
164	28	Las señales de prohibición (Grupo C) tienen el significado siguiente: Estacionamiento prohibido los días impares: la prohibición de estacionar se aplica solo los días impares en el lado de la vía en que está situada la señal;	3
164	29	Las señales de prohibición (Grupo C) tienen el significado siguiente: Prohibido estacionar o parquear o hacer cualquier detención momentánea: la prohibición se aplica en el lado de la vía en que está situada la señal, a partir de la vertical de esta hasta la próxima intersección con una vía;	2
164	30	Las señales de prohibición (Grupo C) tienen el significado siguiente: Prohibido el uso de señales acústicas: prohíbe la utilización de señales acústicas, salvo para evitar un accidente;	3
164	31	Las señales de prohibición (Grupo C) tienen el significado siguiente: Prohibición de pasar sin detenerse: prohíbe pasar sin detenerse, por lo que el alto es obligatorio para todo vehículo; en la señal debe indicarse el motivo del alto;	3
164	32	Las señales de prohibición (Grupo C) tienen el significado siguiente: Prohibición de tirar fotos: prohíbe tirar o hacer fotografías en el área en que está situada la señal.	3
166	1	Las señales de obligación (Grupo D) tienen el significado siguiente: Sentido obligatorio: indica a los conductores de vehículos el sentido que deben seguir obligatoriamente en el punto donde está situada la señal; puede indicar dos sentidos;	3
166	2	Las señales de obligación (Grupo D) tienen el significado siguiente: Sentido giratorio: indica que la circulación giratoria es obligatoria en el sentido que indica la flecha de acuerdo con las normas que rigen;	3
166	3	Las señales de obligación (Grupo D) tienen el significado siguiente: Paso obligatorio: indica a los conductores de vehículos que deben pasar obligatoriamente por el lado del obstáculo que señala la flecha;	3
166	4	Las señales de obligación (Grupo D) tienen el significado siguiente: Vía obligatoria para los ciclistas: indica que los ciclistas están obligados a utilizar esa vía o la parte de la vía a que se refiere la flecha si la tuviese, y que los conductores de los demás vehículos no tienen derecho a usarla;	3
166	5	Las señales de obligación (Grupo D) tienen el significado siguiente: Vía obligatoria para los jinetes: indica que los jinetes están obligados a utilizar la vía a que se refiere la señal y que ningún vehículo tiene derecho a usarla;	3
166	6	Las señales de obligación (Grupo D) tienen el significado siguiente: Vía obligatoria para los peatones: indica que los peatones están obligados a utilizar la vía a que se refiere la señal y que ningún vehículo tiene derecho a usarla;	3
166	7	Las señales de obligación (Grupo D) tienen el significado siguiente: Velocidad mínima obligatoria: indica que los vehículos que circulan por la vía donde está colocada la señal no pueden circular a una velocidad menor que la que está indicada;	3
166	8	Las señales de obligación (Grupo D) tienen el significado siguiente: Vía obligatoria para camiones: indica a los conductores de camiones de peso superior a 3500 kilogramos que tienen la obligación de circular por la vía señalada;	3
166	9	Las señales de obligación (Grupo D) tienen el significado siguiente: Vía obligatoria para automóviles: indica a los conductores de automóviles, excepto las motocicletas de dos ruedas y ciclomotores, que tienen la obligación de circular por la vía señalada;	3
166	10	Las señales de obligación (Grupo D) tienen el significado siguiente: Vía obligatoria para las motocicletas de dos ruedas y ciclomotores: indica que los vehículos de esta clase tienen la obligación de circular por la vía señalada;	3
166	11	Las señales de obligación (Grupo D) tienen el significado siguiente: Vía obligatoria para vehículos de tracción animal: indica que los vehículos de tracción animal tienen la obligación de circular por la vía señalada;	3
166	12	Las señales de obligación (Grupo D) tienen el significado siguiente: Vía obligatoria para ómnibus: indica a los conductores de ómnibus que tienen la obligación de circular por la vía señalada.	3
166	13	Las señales de obligación (Grupo D) tienen el significado siguiente: Alumbrado de corto alcance: indica a los conductores la obligación de circular desde el lugar en que esté situada la señal hasta otra de fin de esta obligación.	3
174	1	Otros señalamientos: Barrera para el cierre de vías: tiene por objetivo impedir el paso de los vehículos y peatones según su ubicación en la vía. Está constituida por una barra dispuesta horizontalmente, franjeado con bandas alternas de color negro o amarillo, rojo o blanco. Estas pueden estar provistas de luces, las cuales están encendidas permanentemente o de forma intermitente, o de dispositivos reflectantes;	3
174	3	Otros señalamientos: Conos: tienen por objetivo encauzar el tránsito en determinado régimen de circulación provisional y prohibir cruzar la línea imaginaria que los une;	3
174	11	Otros señalamientos: Señal digital: indicador electrónico que puede trasmitir diferentes mensajes a los usuarios de la vía.	3
178	1	Las marcas paralelas a la circulación son aquellas marcas viales que dividen los carriles o sendas y regulan los tramos donde se permite o prohíbe el adelantamiento, el pase a otro carril o senda, y tienen el significado siguiente:	2
178	3	Las marcas paralelas a la circulación son aquellas marcas viales que dividen los carriles o sendas y regulan los tramos donde se permite o prohíbe el adelantamiento, el pase a otro carril o senda, y tienen el significado siguiente:	2
178	4	Las marcas paralelas a la circulación son aquellas marcas viales que dividen los carriles o sendas y regulan los tramos donde se permite o prohíbe el adelantamiento, el pase a otro carril o senda, y tienen el significado siguiente:	2
179	1	Las marcas transversales son las dispuestas de forma perpendicular al sentido de circulación de las corrientes vehiculares: Línea de 'Pare': indica que el conductor está obligado a detenerse ante ella por estar ante la señal de 'Pare' o la señal de luz amarilla o roja del semáforo; es una franja ancha, continua, trazada a todo lo ancho de cada carril o, senda; también puede emplearse en los pasos a nivel.	2
179	3	Las marcas transversales son las dispuestas de forma perpendicular al sentido de circulación de las corrientes vehiculares: Línea de 'Ceda el Paso': indica que los conductores no deben normalmente pasarla cuando tienen que ceder el paso por estar instalada la señal de ese nombre. Es una franja ancha discontinua trazada a todo lo ancho de cada carril o senda. Antes de esta marca puede llevar escrito sobre la calzada otra marca en forma de triángulo, de línea gruesa, con uno de sus lados paralelos a la línea discontinua y el vértice opuesto dirigido hacia los vehículos que se aproximan;	2
180	1	Otras marcas: Marcas que prohíben la circulación sobre ellas: indican zonas sobre las cuales los vehículos no pueden transitar ni estacionarse; son líneas oblicuas con relación al sentido de la marcha;	3
180	2	Otras marcas: Flechas de selección de carriles: se emplean en la proximidad de las intersecciones para indicar el tipo de movimiento que se permite desde cada carril;	3
180	11	Otras marcas: Prohibición de estacionamiento: consiste en una línea discontinua pintada en el contén o mediante una línea en zigzag, significa que está prohibido el estacionamiento en la zona marcada;	3
180	12	Otras marcas: Prohibición de detención: consiste en una línea continua pintada en el contén, significa que el estacionamiento y la detención momentánea están prohibidos en la zona marcada;	3
180	13	Otras marcas: Cuadrícula de líneas amarillas: sistema de líneas cuadriculadas amarillas que forman un retículo, recuerda a los conductores la prohibición de entrar en la intersección cuando previsiblemente pueda quedar inmovilizado en ella de forma que impida u obstruya la circulación transversal;	3
181	1	El estado técnico de los automóviles, remolques y semirremolques debe responder a las normas y exigencias de operación de los fabricantes y a las regulaciones establecidas en este Código. Cuando circulen deben estar: En buen estado técnico, de conservación y adecuadamente pintados;	3
182	1	Se prohíbe la circulación por las vías, de los vehículos de motor, remolques y semirremolques que presenten las deficiencias técnicas siguientes: El freno de servicio no accione uniformemente en todas las ruedas;	1
182	2	Se prohíbe la circulación por las vías, de los vehículos de motor, remolques y semirremolques que presenten las deficiencias técnicas siguientes: Existe salidero en el sistema de aire o de líquido en el sistema hidráulico;	1
182	3	Se prohíbe la circulación por las vías, de los vehículos de motor, remolques y semirremolques que presenten las deficiencias técnicas siguientes: No trabaje el manómetro del sistema de aire;	1
182	4	Se prohíbe la circulación por las vías, de los vehículos de motor, remolques y semirremolques que presenten las deficiencias técnicas siguientes: El compresor no produzca la presión necesaria para el sistema de aire;	1
182	5	Se prohíbe la circulación por las vías, de los vehículos de motor, remolques y semirremolques que presenten las deficiencias técnicas siguientes: Los remolques y semirremolques de más de 1 500 kilogramos no tengan sistema de freno automático o este no funciona, o no dispongan de un sistema automático de autobloqueo;	1
182	6	Se prohíbe la circulación por las vías, de los vehículos de motor, remolques y semirremolques que presenten las deficiencias técnicas siguientes: Los remolques de hasta 1 500 kilogramos no dispongan de freno, cadena o cable, que en caso de quedar libres, los frenen y sujeten;	1
182	7	Se prohíbe la circulación por las vías, de los vehículos de motor, remolques y semirremolques que presenten las deficiencias técnicas siguientes: El freno de mano no sostiene el vehículo con carga o sin ella, en una pendiente al 16 por ciento de inclinación;	1
182	8	Se prohíbe la circulación por las vías, de los vehículos de motor, remolques y semirremolques que presenten las deficiencias técnicas siguientes: Al pisar una vez el pedal del freno, al circular a una velocidad de 30 kilómetros por hora en condiciones normales, el coeficiente de fricción no menor de 0.6 no garantiza las distancias de frenado que se señalan a continuación:	1
182	9	Se prohíbe la circulación por las vías, de los vehículos de motor, remolques y semirremolques que presenten las deficiencias técnicas siguientes: La holgura o juego del timón sobrepase las normas de fabricación, o en su defecto tenga una holgura o juego libre de más de 25 grados;	1
182	10	Se prohíbe la circulación por las vías, de los vehículos de motor, remolques y semirremolques que presenten las deficiencias técnicas siguientes: El sistema de dirección esté desajustado, bien por tener tuercas flojas, carecer de pasadores u otras causas similares;	1
182	11	Se prohíbe la circulación por las vías, de los vehículos de motor, remolques y semirremolques que presenten las deficiencias técnicas siguientes: Existe rigidez en el timón;	1
182	12	Se prohíbe la circulación por las vías, de los vehículos de motor, remolques y semirremolques que presenten las deficiencias técnicas siguientes: El sistema hidráulico de la dirección tiene desperfectos.	1
182	13	Se prohíbe la circulación por las vías, de los vehículos de motor, remolques y semirremolques que presenten las deficiencias técnicas siguientes: Existen roturas en las cuerdas de los neumáticos o desperfectos en las llantas;	3
182	14	Se prohíbe la circulación por las vías, de los vehículos de motor, remolques y semirremolques que presenten las deficiencias técnicas siguientes: La superficie de los neumáticos presente el desgaste máximo normado por los fabricantes;	3
182	15	Se prohíbe la circulación por las vías, de los vehículos de motor, remolques y semirremolques que presenten las deficiencias técnicas siguientes: La medida de los neumáticos no se corresponde con el peso del vehículo;	3
182	16	Se prohíbe la circulación por las vías, de los vehículos de motor, remolques y semirremolques que presenten las deficiencias técnicas siguientes:  Las ruedas delanteras no presentan los ajustes normados por los fabricantes.	3
182	17	Se prohíbe la circulación por las vías, de los vehículos de motor, remolques y semirremolques que presenten las deficiencias técnicas siguientes: Existan salideros de combustible en el sistema de alimentación;	3
182	18	Se prohíbe la circulación por las vías, de los vehículos de motor, remolques y semirremolques que presenten las deficiencias técnicas siguientes: Se desconecten las velocidades de la caja;	3
182	19	Se prohíbe la circulación por las vías, de los vehículos de motor, remolques y semirremolques que presenten las deficiencias técnicas siguientes: Vibra la transmisión;	3
182	20	Se prohíbe la circulación por las vías, de los vehículos de motor, remolques y semirremolques que presenten las deficiencias técnicas siguientes: Las emisiones del escape contengan una cantidad de gases contaminantes superiores a lo establecido por las regulaciones vigentes;	3
182	21	Se prohíbe la circulación por las vías, de los vehículos de motor, remolques y semirremolques que presenten las deficiencias técnicas siguientes: Falta el tubo de escape con su dispositivo silenciador, o ambos, o uno de ellos se encuentre en mal estado.	3
184	1	Todo vehículo, con excepción de los de tracción humana o animal, que circule por la vía en las horas comprendidas del anochecer al amanecer o en condiciones anormales de visibilidad, debe cumplir las regulaciones que sobre luces y dispositivos reflectantes se expresan a continuación: Todo automóvil debe estar provisto en su parte delantera de dos luces de cruce o cortas, que puedan alumbrar la vía con eficacia hasta una distancia de 40 metros por delante del vehículo;	2
184	2	Todo vehículo, con excepción de los de tracción humana o animal, que circule por la vía en las horas comprendidas del anochecer al amanecer o en condiciones anormales de visibilidad, debe cumplir las regulaciones que sobre luces y dispositivos reflectantes se expresan a continuación: El automóvil capaz de alcanzar una velocidad superior a 40 kilómetros por hora, debe estar provisto en la parte delantera, además de lo dispuesto en el numeral anterior, de dos luces de carretera o largas, que puedan alumbrar con eficacia la vía hasta una distancia de por lo menos 100 metros por delante del vehículo.	2
184	4	Todo vehículo, con excepción de los de tracción humana o animal, que circule por la vía en las horas comprendidas del anochecer al amanecer o en condiciones anormales de visibilidad, debe cumplir las regulaciones que sobre luces y dispositivos reflectantes se expresan a continuación: Las luces de cruce o cortas deben estar situadas a no más de 40 centímetros de los bordes exteriores del vehículo y las de carretera o largas, en ningún caso, más cerca del borde extremo del vehículo que los bordes exteriores de las luces de cruce o cortas;	2
184	5	Todo vehículo, con excepción de los de tracción humana o animal, que circule por la vía en las horas comprendidas del anochecer al amanecer o en condiciones anormales de visibilidad, debe cumplir las regulaciones que sobre luces y dispositivos reflectantes se expresan a continuación: Las motocicletas y ciclomotores deben estar provistos de una luz en su parte delantera, según los requisitos establecidos en los numerales 1 y 2, de este artículo;	2
184	6	Todo vehículo, con excepción de los de tracción humana o animal, que circule por la vía en las horas comprendidas del anochecer al amanecer o en condiciones anormales de visibilidad, debe cumplir las regulaciones que sobre luces y dispositivos reflectantes se expresan a continuación: Llevar luces de posición, dos en la parte delantera de color blanco o amarillo selectivo y dos en la parte tra­sera de color rojo, visibles desde una distancia mínima de 300 metros, sin deslumbrar y sin causar molestias injustificadas a los usuarios de la vía. Las luces de posición no deben estar situadas a más de 40 centímetros de los bordes exteriores del vehículo hacia dentro;	2
184	8	Todo vehículo, con excepción de los de tracción humana o animal, que circule por la vía en las horas comprendidas del anochecer al amanecer o en condiciones anormales de visibilidad, debe cumplir las regulaciones que sobre luces y dispositivos reflectantes se expresan a continuación: Los remolques o semirremolques deben estar provistos en su parte trasera de dos luces de posición. Los remolques cuyo ancho total no excedan de 80 centímetros pueden estar provistos de solo una de estas luces y ajustarse a lo establecido en el numeral 4;	3
184	10	Todo vehículo, con excepción de los de tracción humana o animal, que circule por la vía en las horas comprendidas del anochecer al amanecer o en condiciones anormales de visibilidad, debe cumplir las regulaciones que sobre luces y dispositivos reflectantes se expresan a continuación: El vehículo de motor que sobrepasa una altura mayor de dos metros debe estar provisto de dos luces de posición, fijadas en la parte superior delantera y dos en la parte trasera, ambas lo más cerca posible a cada uno de los bordes extremos superiores del vehículo. Su uso es obligatorio para los que en su diseño original las posean y debe ajustarse a los requisitos establecidos en el numeral 4;	3
184	11	Todo vehículo, con excepción de los de tracción humana o animal, que circule por la vía en las horas comprendidas del anochecer al amanecer o en condiciones anormales de visibilidad, debe cumplir las regulaciones que sobre luces y dispositivos reflectantes se expresan a continuación: El vehículo de motor debe estar provisto de una luz blanca que ilumine el número de la matrícula o chapa trasera de identificación, de forma tal que sea visible de noche y en condiciones normales a una distancia de 20 metros con el vehículo detenido. Queda prohibida la colocación de dispositivos lumínicos o de otro tipo que contradiga lo anterior;	3
184	12	Todo vehículo, con excepción de los de tracción humana o animal, que circule por la vía en las horas comprendidas del anochecer al amanecer o en condiciones anormales de visibilidad, debe cumplir las regulaciones que sobre luces y dispositivos reflectantes se expresan a continuación: Los vehículos de motor, remolques o semirremolques, capaces de alcanzar una velocidad de 25 kilómetros por hora, deben estar provistos, en su parte posterior, de dos luces de frenado de color rojo, cuya intensidad sea superior a la de las luces de posición traseras. En el caso de los ciclomotores y las motocicletas deben llevar una luz de frenado en la parte trasera, y si dispone de sidecar, tener, además, una situada en la parte trasera de este;	3
184	13	Todo vehículo, con excepción de los de tracción humana o animal, que circule por la vía en las horas comprendidas del anochecer al amanecer o en condiciones anormales de visibilidad, debe cumplir las regulaciones que sobre luces y dispositivos reflectantes se expresan a continuación: Los vehículos de motor pueden estar provistos, en su parte posterior, de una tercera luz de frenado, colocada en la zona central de este, por encima de las dos de frenado reglamentarias, con iguales características a las que se disponen en el numeral 10;	3
184	14	Todo vehículo, con excepción de los de tracción humana o animal, que circule por la vía en las horas comprendidas del anochecer al amanecer o en condiciones anormales de visibilidad, debe cumplir las regulaciones que sobre luces y dispositivos reflectantes se expresan a continuación: Los vehículos de motor deben estar provistos de luces intermitentes, indicadoras de dirección, de color amarillo, colocadas a la derecha e izquierda de las partes delantera y trasera del vehículo, además pueden tenerlas en ambos laterales. La utilización del intermitente trasero de color rojo solo es admitida cuando se trate del diseño original del fabricante del vehículo;	3
184	15	Todo vehículo, con excepción de los de tracción humana o animal, que circule por la vía en las horas comprendidas del anochecer al amanecer o en condiciones anormales de visibilidad, debe cumplir las regulaciones que sobre luces y dispositivos reflectantes se expresan a continuación: Los vehículos de motor pueden estar provistos de una o dos luces indicadoras de marcha atrás, de color blanco, situadas en la parte trasera, que no estén por encima de las luces de posición y frenado, visibles desde una distancia mínima de 300 metros sin deslumbrar ni causar molestias a los usuarios de la vía. Además, pueden estar provistas de señales acústicas;	3
184	16	Todo vehículo, con excepción de los de tracción humana o animal, que circule por la vía en las horas comprendidas del anochecer al amanecer o en condiciones anormales de visibilidad, debe cumplir las regulaciones que sobre luces y dispositivos reflectantes se expresan a continuación: Los vehículos de motor pueden estar provistos de luces de emergencia o avería, están obligados a accionarlas cuando estos estén inmovilizados o circulen muy despacio por emergencia o avería, con el objetivo de prevenir al resto de los conductores y peatones;	3
184	17	Todo vehículo, con excepción de los de tracción humana o animal, que circule por la vía en las horas comprendidas del anochecer al amanecer o en condiciones anormales de visibilidad, debe cumplir las regulaciones que sobre luces y dispositivos reflectantes se expresan a continuación: Los vehículos de motor pueden estar provistos de dos luces de niebla, de color blanco o amarillo y colocarse de forma que su superficie iluminadora no estén por encima del punto más alto del de las luces de cruce o cortas y su punto más distante del plano longitudinal medio no se encuentre a más de 40 centímetros de los bordes exteriores;	3
184	18	Todo vehículo, con excepción de los de tracción humana o animal, que circule por la vía en las horas comprendidas del anochecer al amanecer o en condiciones anormales de visibilidad, debe cumplir las regulaciones que sobre luces y dispositivos reflectantes se expresan a continuación: El vehículo de tres ruedas simétricas, con exclusión de las motocicletas con sidecar, debe estar provisto de las luces establecidas en los numerales 1, 2, 4, 9 y 10;	3
184	19	Todo vehículo, con excepción de los de tracción humana o animal, que circule por la vía en las horas comprendidas del anochecer al amanecer o en condiciones anormales de visibilidad, debe cumplir las regulaciones que sobre luces y dispositivos reflectantes se expresan a continuación: Los vehículos agrícolas, de la construcción o industriales, que por sus funciones circulan en la vía, deben llevar en la parte delantera las luces establecidas en el numeral 1 y las luces de posición en la parte trasera, según lo dispuesto en el numeral 4 del presente artículo;	3
184	20	Todo vehículo, con excepción de los de tracción humana o animal, que circule por la vía en las horas comprendidas del anochecer al amanecer o en condiciones anormales de visibilidad, debe cumplir las regulaciones que sobre luces y dispositivos reflectantes se expresan a continuación: Los vehículos comprendidos en el numeral anterior que no excedan 1,30 metros de ancho, pueden llevar una sola luz de cruce o corta en la parte delantera y una sola luz de posición en la parte trasera.	3
184	22	Todo vehículo, con excepción de los de tracción humana o animal, que circule por la vía en las horas comprendidas del anochecer al amanecer o en condiciones anormales de visibilidad, debe cumplir las regulaciones que sobre luces y dispositivos reflectantes se expresan a continuación: Ninguna luz en un vehículo de motor debe ser intermitente, excepto las indicadoras de dirección o parada de emergencia. Se exceptúan de esta prohibición los vehículos o conjuntos de vehículos con régimen especial de circulación, los de dimensiones excepcionales, los dedicados a la construcción o conservación de las vías, los cuales pueden usar una o más luces intermitentes de color distinto al rojo para indicar el peligro que comporta su estancia en la vía y solo por el tiempo que constituye un peligro;	3
184	23	Todo vehículo, con excepción de los de tracción humana o animal, que circule por la vía en las horas comprendidas del anochecer al amanecer o en condiciones anormales de visibilidad, debe cumplir las regulaciones que sobre luces y dispositivos reflectantes se expresan a continuación: Llevar dos dispositivos reflectantes rojos fijados en la parte trasera a cada lado a menos de 40 centímetros de los bordes exteriores del vehículo, visibles desde una distancia mínima de 150 metros cuando estén iluminados por las luces de otro vehículo.	3
184	24	Todo vehículo, con excepción de los de tracción humana o animal, que circule por la vía en las horas comprendidas del anochecer al amanecer o en condiciones anormales de visibilidad, debe cumplir las regulaciones que sobre luces y dispositivos reflectantes se expresan a continuación: Los dispositivos reflectantes de los remolques y semirremolques deben tener forma de triángulo equilátero con uno de sus vértices dirigido hacia arriba y sus lados deben ser de 15 centímetros como mínimo y 20 centímetros como máximo.	3
184	25	Todo vehículo, con excepción de los de tracción humana o animal, que circule por la vía en las horas comprendidas del anochecer al amanecer o en condiciones anormales de visibilidad, debe cumplir las regulaciones que sobre luces y dispositivos reflectantes se expresan a continuación: Los dispositivos reflectantes de los demás vehículos de motor deben ser de forma no triangular;	3
184	26	Todo vehículo, con excepción de los de tracción humana o animal, que circule por la vía en las horas comprendidas del anochecer al amanecer o en condiciones anormales de visibilidad, debe cumplir las regulaciones que sobre luces y dispositivos reflectantes se expresan a continuación: Los ciclomotores y las motocicletas sin sidecar deben estar provistos en su parte trasera de un dispositivo reflectante que cumpla las condiciones de visibilidad señaladas en el numeral 20.	3
185	0	Ningún vehículo de motor puede estar provisto de otras luces que no sean las establecidas en el artículo anterior, excepto los que por su construcción técnica posean otras, siempre que no se opongan a lo dispuesto en el presente Código.	3
186	1	El conductor de cualquier vehículo de motor cuando circule por la vía en las horas comprendidas del anochecer al amanecer, está obligado a cumplir las regulaciones siguientes: Utilizar luces de cruce o cortas o las de posición dentro del perímetro urbano y en los túneles, cuando la vía tenga la iluminación suficiente;	2
186	3	El conductor de cualquier vehículo de motor cuando circule por la vía en las horas comprendidas del anochecer al amanecer, está obligado a cumplir las regulaciones siguientes: Utilizar las luces de niebla o en su defecto las de cruce o cortas, en caso de niebla densa, lluvia intensa, nubes de humo o polvo;	2
186	4	El conductor de cualquier vehículo de motor cuando circule por la vía en las horas comprendidas del anochecer al amanecer, está obligado a cumplir las regulaciones siguientes: Sustituir las luces de carretera o largas por las de cruce o cortas, en zona rural, tan pronto se aprecie la posibilidad de un deslumbramiento a los conductores de vehículos que circulan en sentido contrario, aunque estos no cumplan esta prescripción. La sustitución o cambio de luces se debe efectuar aproximadamente a los 150 metros o cuando se pida el cambio antes del cruce y no restablecerlas hasta rebasar el vehículo cruzado	2
186	5	El conductor de cualquier vehículo de motor cuando circule por la vía en las horas comprendidas del anochecer al amanecer, está obligado a cumplir las regulaciones siguientes: La precaución del numeral anterior debe guardarse respecto a los vehículos que circulan en igual sentido y cuyos conductores pueden ser deslumbrados por el espejo retrovisor, y no deben utilizarse las luces de carretera o largas permanentemente cuando el vehículo que le precede se encuentra a menos de 50 metros de distancia	2
186	6	El conductor de cualquier vehículo de motor cuando circule por la vía en las horas comprendidas del anochecer al amanecer, está obligado a cumplir las regulaciones siguientes: Reducir la velocidad o detener la marcha en caso de deslumbramiento, para evitar un accidente;	3
186	7	El conductor de cualquier vehículo de motor cuando circule por la vía en las horas comprendidas del anochecer al amanecer, está obligado a cumplir las regulaciones siguientes: Hacer señales alternativas, mediante el cambio de luces, para adelantar a otro vehículo;	3
186	8	El conductor de cualquier vehículo de motor cuando circule por la vía en las horas comprendidas del anochecer al amanecer, está obligado a cumplir las regulaciones siguientes: Realizar cambios de luces a intervalos regulares en una curva de visibilidad reducida y en la proximidad de un cambio de rasante, hasta rebasar la zona de no visibilidad, para anunciar la presencia del vehículo que se conduce.	3
187	1	Los vehículos de tracción humana o animal, para su circulación por la vía en el horario comprendido del anochecer al amanecer, deben estar provistos de luces según se establece en cada uno de los casos siguientes: El vehículo de tracción humana, de una luz blanca o amarilla situada en la parte delantera y una luz o dispositivo reflectante rojo en la parte trasera;	3
187	2	Los vehículos de tracción humana o animal, para su circulación por la vía en el horario comprendido del anochecer al amanecer, deben estar provistos de luces según se establece en cada uno de los casos siguientes: Si se tratare de un vehículo de más de dos ruedas, debe tener dos luces o dispositivos reflectantes en la parte trasera;	3
187	3	Los vehículos de tracción humana o animal, para su circulación por la vía en el horario comprendido del anochecer al amanecer, deben estar provistos de luces según se establece en cada uno de los casos siguientes: El vehículo de tracción animal, de una luz blanca o amarilla situada en el extremo superior delantero izquierdo y una luz roja en el extremo inferior trasero izquierdo, además de dos dispositivos reflectantes en cada extremo posterior.	3
188	0	Se prohíbe la circulación de los vehículos de tracción humana o animal cuando no cumplen las exigencias reguladas en el artículo anterior.	3
190	0	El conductor de cualquier vehículo de motor, tracción humana o animal, cuando circule por la vía en las horas comprendidas desde el anochecer hasta el amanecer, está obligado a llevar encendidas las luces de acuerdo con lo que se establece en este Código.	1
191	1	El conductor de todo vehículo que circula por una vía, está obligado a cumplir las reglas siguientes: Tener el vehículo equipado con claxon u otro aparato similar, en perfecto estado de funcionamiento;	3
191	2	El conductor de todo vehículo que circula por una vía, está obligado a cumplir las reglas siguientes: No usar el claxon o aparato similar dentro de las poblaciones y zonas de silencio. Se exceptúan de lo dispuesto en este numeral los casos en que por peligro, conducción de heridos o enfermos graves, pedir auxilio o evitar accidentes.	3
192	0	Se prohíbe la instalación y uso en cualquier vehículo de sirena, silbato u otro aparato similar que produzca ruidos intensos o estridentes. Se exceptúa de esta prohibición la instalación y uso de sirena en los vehículos con régimen especial o prioridad en la circulación y los sistemas de alarma para la protección de los vehículos.	3
193	0	Los vehículos de motor deben estar equipados con uno o varios espejos retrovisores.	3
194	2	Los vehículos de motor al circular por las vías deben estar provistos de: Puertas o similares, en buen estado de funcionamiento, con seguros, cierres, o cualquier otro tipo de cerrojo.	3
195	1	Los vehículos de motor, excepto los ciclomotores y las motocicletas, al circular por las vías: Debe estar provisto de parabrisas, en buenas condiciones y limpio, que permita una perfecta visibilidad y que al romperse o quebrarse no lo haga en partículas que puedan herir o lesionar al conductor o a los pasajeros;	3
195	2	Los vehículos de motor, excepto los ciclomotores y las motocicletas, al circular por las vías: Debe estar provisto, por lo menos, de un limpiaparabrisas eficaz, de funcionamiento automático, colocado en posición adecuada con respecto al conductor;	3
195	3	Los vehículos de motor, excepto los ciclomotores y las motocicletas, al circular por las vías: No puede tener cristales laterales o traseros que impidan la visibilidad al conductor;	3
195	4	Los vehículos de motor, excepto los ciclomotores y las motocicletas, al circular por las vías: No pueden llevar fijados en sus parabrisas o cristales, distintivos, calcomanías, letreros, anuncios, carteles u otros similares que limiten la visibilidad. Se exceptúan las pegatinas o rótulos determinados según los artículos 233 y 234, así como los papeles y otros materiales contra los rayos solares, siempre que permitan la correcta visibilidad, en el caso del parabrisas delantero, solo puede ser cubierto el tercio superior de este;	3
196	0	Los vehículos de motor deben estar provistos de una defensa situada en su parte delantera y de otra en la parte trasera. Se exceptúan de esta obligación los ciclomotores, motocicletas y aquellos que por la tecnología de su fabricación no permiten instalación de las defensas. Los vehículos de motor de más de 3 500 kg de peso máximo autorizado para el transporte de carga, los remolques y semirremolques, deben estar provistos en su parte trasera de un dispositivo de protección contra el empotramiento en caso de colisión. Se exceptúan las cuñas tractoras para semirremolques.	3
196	4	El conductor de cualquier vehículo de motor cuando circule por la vía en las horas comprendidas del anochecer al amanecer, está obligado a cumplir las regulaciones siguientes: Sustituir las luces de carretera o largas por las de cruce o cortas, en zona rural, tan pronto se aprecie la posibilidad de un deslumbramiento a los conductores de vehículos que circulan en sentido contrario, aunque estos no cumplan esta prescripción. La sustitución o cambio de luces se debe efectuar aproximadamente a los 150 metros o cuando se pida el cambio antes del cruce y no restablecerlas hasta rebasar el vehículo cruzado;	2
196	5	El conductor de cualquier vehículo de motor cuando circule por la vía en las horas comprendidas del anochecer al amanecer, está obligado a cumplir las regulaciones siguientes: La precaución del numeral anterior debe guardarse respecto a los vehículos que circulan en igual sentido y cuyos conductores pueden ser deslumbrados por el espejo retrovisor, y no deben utilizarse las luces de carretera o largas permanentemente cuando el vehículo que le precede se encuentra a menos de 50 metros de distancia;	2
197	1	Los vehículos de motor en circulación deben estar provistos únicamente de las dos chapas de identificación expedidas exclusivamente por el Registro de Vehículos: Colocadas una en la parte delantera y otra en la parte trasera;	3
197	2	Los vehículos de motor en circulación deben estar provistos únicamente de las dos chapas de identificación expedidas exclusivamente por el Registro de Vehículos: Fijadas en posición horizontal;	3
197	3	Los vehículos de motor en circulación deben estar provistos únicamente de las dos chapas de identificación expedidas exclusivamente por el Registro de Vehículos: Con los colores de relieve y de fondo, de manera que sean legibles a una distancia mínima de 40 metros;	3
197	4	Los vehículos de motor en circulación deben estar provistos únicamente de las dos chapas de identificación expedidas exclusivamente por el Registro de Vehículos: En el lugar para ello diseñado por el fabricante;	3
197	5	Los vehículos de motor en circulación deben estar provistos únicamente de las dos chapas de identificación expedidas exclusivamente por el Registro de Vehículos: Sin aditamentos o accesorios, lumínicos o no, que dificulten o impidan identificar la matrícula y su color.	3
198	0	Se prohíbe la instalación de cualquier chapa de identificación distinta a la establecida y otorgada por Registro de Vehículos. Los vehículos especializados de la construcción, industriales y agrícolas, de tracción animal y humana, deben llevar el distintivo que establece el Ministerio del Interior y el órgano correspondiente del Poder Popular, colocado en el lugar y forma que se disponga.	3
199	0	Los ómnibus y vehículos de transporte de carga cuando circulan por vías rurales, deben estar provistos de un botiquín en perfectas condiciones de limpieza e higiene, con los medicamentos y efectos necesarios, de acuerdo con lo establecido para realizar una primera cura de urgencia.	3
200	0	Los ómnibus y vehículos de transporte de carga, así como los vehículos ligeros pertenecientes al sector estatal, deben estar provistos de un extintor de incendios en condiciones óptimas, que permita su utilización en cualquier momento y con capacidad suficiente para apagar cualquier principio de incendio que se produzca en el vehículo.	3
201	0	El conductor de un vehículo de motor, de tracción humana o animal, está obligado a llevar la señal de peligro, que debe ser triangular, con lados de 45 centímetros y de material reflectante o un mechero, farol, bandera roja u otro medio análogo, para utilizarlo de acuerdo con sus características, tanto de día como de noche, cuando tenga que detener el vehículo en la vía por accidente, rotura o desperfecto técnico, para evitar accidentes o perjuicios a otros usuarios de la vía.	3
202	2	A los vehículos de motor deben colocárseles los distintivos, señales, símbolos, o rótulos de la forma y colores que se expresan en los incisos siguientes: Los que pasan satisfactoriamente la inspección técnica establecida, la señal, calcomanía o documento que lo acredite;	3
202	6	A los vehículos de motor deben colocárseles los distintivos, señales, símbolos, o rótulos de la forma y colores que se expresan en los incisos siguientes: Los ómnibus y microbuses dedicados al transporte de niños o escolares, la señal de 'Niños', establecida en este Código;	3
202	7	A los vehículos de motor deben colocárseles los distintivos, señales, símbolos, o rótulos de la forma y colores que se expresan en los incisos siguientes: Se coloca fija, portátil o rotulada en la parte trasera del vehículo;	3
202	8	A los vehículos de motor deben colocárseles los distintivos, señales, símbolos, o rótulos de la forma y colores que se expresan en los incisos siguientes: Los vehículos de alquiler dedicados al transporte de pasajeros, el distintivo 'Taxi', con el diseño y ubicación que disponga el órgano u organismo encargado de estos servicios previa coordinación con el Ministerio del Transporte;	3
202	9	A los vehículos de motor deben colocárseles los distintivos, señales, símbolos, o rótulos de la forma y colores que se expresan en los incisos siguientes: Los vehículos de carga y ómnibus que arrastran un remolque, la señal 'Remolque', o señal de luces;	3
202	12	A los vehículos de motor deben colocárseles los distintivos, señales, símbolos, o rótulos de la forma y colores que se expresan en los incisos siguientes: Los vehículos, remolques y semirremolques, la señal 'Arrastre';	3
202	13	A los vehículos de motor deben colocárseles los distintivos, señales, símbolos, o rótulos de la forma y colores que se expresan en los incisos siguientes: Los que transporten cargas peligrosas, la señal 'Carga Peligrosa', que se sitúa en su parte trasera y delantera;	3
202	15	A los vehículos de motor deben colocárseles los distintivos, señales, símbolos, o rótulos de la forma y colores que se expresan en los incisos siguientes: Los vehículos con aditamentos especiales para personas con discapacidad físico motora, la señal 'Personas con discapacidad', establecida en este Código;	3
202	16	A los vehículos de motor deben colocárseles los distintivos, señales, símbolos, o rótulos de la forma y colores que se expresan en los incisos siguientes: En los numerales 1 y 7, los rótulos son con letras en negro sobre fondo en blanco, en una placa rectangular colocada sobre un soporte, dispuesto en la parte trasera del vehículo, de manera que sea legible a una distancia mínima de 40 metros, sin ocultar ningún elemento del sistema de luces, señalización o identificación;	3
202	19	A los vehículos de motor deben colocárseles los distintivos, señales, símbolos, o rótulos de la forma y colores que se expresan en los incisos siguientes: En todos los casos previstos en este artículo, los rótulos deben colocarse en un lugar visible.	3
217	1	Los poseedores legales de vehículos de motor, remolques y semirremolques quedan obligados a comunicar al Registro, dentro de los treinta días siguientes de haberse realizado: Las transmisiones de propiedad o posesión de los vehículos registrados;	3
217	2	Los poseedores legales de vehículos de motor, remolques y semirremolques quedan obligados a comunicar al Registro, dentro de los treinta días siguientes de haberse realizado: Los cambios de motor y combustible;	3
217	3	Los poseedores legales de vehículos de motor, remolques y semirremolques quedan obligados a comunicar al Registro, dentro de los treinta días siguientes de haberse realizado: Los cambios de carrocería, o cuadro para el caso de las motocicletas y sus similares, y de colores;	3
217	4	Los poseedores legales de vehículos de motor, remolques y semirremolques quedan obligados a comunicar al Registro, dentro de los treinta días siguientes de haberse realizado: Las pérdidas o deterioros de las chapas de identificación y de las licencias de circulación de los vehículos registrados;	3
217	5	Los poseedores legales de vehículos de motor, remolques y semirremolques quedan obligados a comunicar al Registro, dentro de los treinta días siguientes de haberse realizado: Las conversiones de vehículos;	3
217	7	Los poseedores legales de vehículos de motor, remolques y semirremolques quedan obligados a comunicar al Registro, dentro de los treinta días siguientes de haberse realizado: Las altas o nuevas inscripciones;	3
217	9	Los poseedores legales de vehículos de motor, remolques y semirremolques quedan obligados a comunicar al Registro, dentro de los treinta días siguientes de haberse realizado: Cambio de marca y modelo.	3
